"id","month","state_name","state_code","energy_requirement","energy_availability"
0,"2020-01-01","Chandigarh","04",137.98,137.98
1,"2020-01-01","Lakshadweep","31",3.85,3.85
2,"2020-01-01","Bihar","10",2450.28,2447.67
3,"2020-01-01","DVC","None",1933.29,1933.29
4,"2020-01-01","Jharkhand","20",783.94,777.72
5,"2020-01-01","Odisha","21",2042.32,2042.32
6,"2020-01-01","West Bengal","19",3485.33,3482.25
7,"2020-01-01","Andaman- Nicobar","35",28.84,26.92
8,"2020-01-01","Arunachal Pradesh","12",69.26,68.97
9,"2020-01-01","Assam","18",684.06,669.16
10,"2020-01-01","Manipur","14",95.37,94.96
11,"2020-01-01","Meghalaya","17",212.95,198.11
12,"2020-01-01","Mizoram","15",60.75,60.44
13,"2020-01-01","Nagaland","13",71.59,71.2
14,"2020-01-01","Tripura","16",104.02,104.01
15,"2020-01-01","Dadra & Nagar Haveli and Daman & Diu","38",786.63,786.63
16,"2020-01-01","Puducherry","34",211.6,211.6
17,"2020-01-01","Tamil Nadu","33",8708.53,8708.32
18,"2020-01-01","Sikkim","11",56.53,56.53
19,"2020-01-01","Karnataka","29",7013.66,7013.52
20,"2020-01-01","Kerala","32",2242.37,2239.3
21,"2020-01-01","Haryana","06",3862.87,3862.87
22,"2020-01-01","Himachal Pradesh","02",931.24,930.64
23,"2020-01-01","UTs of J&K and Ladakh","None",1934.0,1699.59
24,"2020-01-01","Punjab","03",3396.62,3396.62
25,"2020-01-01","Rajasthan","08",7369.3,7366.63
26,"2020-01-01","Uttar Pradesh","09",8830.63,8725.87
27,"2020-01-01","Uttarakhand","05",1243.99,1243.45
28,"2020-01-01","Delhi","07",2290.02,2290.02
29,"2020-01-01","Gujarat","24",9440.01,9440.01
30,"2020-01-01","Madhya Pradesh","23",7423.43,7423.43
31,"2020-01-01","Maharashtra","27",13178.15,13178.15
32,"2020-01-01","Goa","30",413.8,413.8
33,"2020-01-01","Andhra Pradesh","28",5363.97,5363.85
34,"2020-01-01","Telangana","36",6346.88,6346.74
35,"2020-01-01","Chhattisgarh","22",2372.79,2372.37
36,"2020-02-01","Lakshadweep","31",3.85,3.85
37,"2020-02-01","Bihar","10",2153.39,2145.97
38,"2020-02-01","DVC","None",1883.74,1883.74
39,"2020-02-01","Jharkhand","20",718.99,702.84
40,"2020-02-01","Odisha","21",2084.51,2084.51
41,"2020-02-01","West Bengal","19",3515.62,3513.5
42,"2020-02-01","Sikkim","11",51.99,51.99
43,"2020-02-01","Andaman- Nicobar","35",28.84,26.92
44,"2020-02-01","Meghalaya","17",188.49,181.93
45,"2020-02-01","Assam","18",660.99,648.06
46,"2020-02-01","Manipur","14",84.34,83.86
47,"2020-02-01","Mizoram","15",57.3,57.02
48,"2020-02-01","Nagaland","13",63.63,63.14
49,"2020-02-01","Tripura","16",97.77,97.77
50,"2020-02-01","Dadra & Nagar Haveli and Daman & Diu","38",752.0,752.0
51,"2020-02-01","Arunachal Pradesh","12",61.93,61.68
52,"2020-02-01","Puducherry","34",218.18,218.16
53,"2020-02-01","Uttarakhand","05",1091.09,1091.09
54,"2020-02-01","Kerala","32",2193.13,2191.2
55,"2020-02-01","Chandigarh","04",109.18,109.18
56,"2020-02-01","Tamil Nadu","33",8890.71,8890.13
57,"2020-02-01","Haryana","06",3689.43,3689.43
58,"2020-02-01","Himachal Pradesh","02",835.65,820.83
59,"2020-02-01","UTs of J&K and Ladakh","None",1816.0,1434.0
60,"2020-02-01","Punjab","03",3489.04,3489.04
61,"2020-02-01","Rajasthan","08",7136.52,7129.82
62,"2020-02-01","Uttar Pradesh","09",8152.24,8046.07
63,"2020-02-01","Delhi","07",1904.8,1904.53
64,"2020-02-01","Chhattisgarh","22",2259.72,2259.72
65,"2020-02-01","Gujarat","24",9519.32,9519.32
66,"2020-02-01","Madhya Pradesh","23",7417.18,7417.18
67,"2020-02-01","Maharashtra","27",13350.87,13350.87
68,"2020-02-01","Goa","30",353.29,353.29
69,"2020-02-01","Andhra Pradesh","28",5698.67,5698.34
70,"2020-02-01","Telangana","36",6645.83,6645.5
71,"2020-02-01","Karnataka","29",7024.22,7023.83
72,"2020-03-01","Bihar","10",2163.01,2161.56
73,"2020-03-01","DVC","None",1583.37,1583.37
74,"2020-03-01","Jharkhand","20",702.29,698.41
75,"2020-03-01","Odisha","21",2215.73,2215.73
76,"2020-03-01","West Bengal","19",3719.27,3715.19
77,"2020-03-01","Sikkim","11",48.93,48.93
78,"2020-03-01","Arunachal Pradesh","12",59.7,59.41
79,"2020-03-01","Mizoram","15",59.2,58.97
80,"2020-03-01","Manipur","14",75.9,75.4
81,"2020-03-01","Meghalaya","17",164.33,160.03
82,"2020-03-01","Lakshadweep","31",3.85,3.85
83,"2020-03-01","Nagaland","13",64.42,64.11
84,"2020-03-01","Tripura","16",110.47,110.47
85,"2020-03-01","Dadra & Nagar Haveli and Daman & Diu","38",615.26,615.26
86,"2020-03-01","Assam","18",689.64,668.33
87,"2020-03-01","Puducherry","34",216.63,216.63
88,"2020-03-01","Andaman- Nicobar","35",28.84,26.92
89,"2020-03-01","Kerala","32",2378.56,2377.58
90,"2020-03-01","Chandigarh","04",90.0,90.0
91,"2020-03-01","Tamil Nadu","33",9449.18,9449.18
92,"2020-03-01","Himachal Pradesh","02",731.49,731.49
93,"2020-03-01","UTs of J&K and Ladakh","None",1706.98,1401.59
94,"2020-03-01","Punjab","03",2726.21,2726.21
95,"2020-03-01","Rajasthan","08",5795.68,5792.07
96,"2020-03-01","Uttar Pradesh","09",7295.8,7213.11
97,"2020-03-01","Uttarakhand","05",868.8,868.8
98,"2020-03-01","Delhi","07",1693.11,1692.62
99,"2020-03-01","Haryana","06",2862.01,2862.01
100,"2020-03-01","Gujarat","24",9008.3,9008.3
101,"2020-03-01","Madhya Pradesh","23",6018.13,6018.13
102,"2020-03-01","Maharashtra","27",13258.66,13258.66
103,"2020-03-01","Goa","30",339.02,339.02
104,"2020-03-01","Andhra Pradesh","28",5791.01,5791.01
105,"2020-03-01","Telangana","36",7028.12,7028.12
106,"2020-03-01","Karnataka","29",7415.97,7415.97
107,"2020-03-01","Chhattisgarh","22",2436.83,2436.83
108,"2020-04-01","DVC","None",856.78,856.78
109,"2020-04-01","Jharkhand","20",695.66,674.62
110,"2020-04-01","Odisha","21",2080.67,2080.67
111,"2020-04-01","West Bengal","19",3661.76,3650.16
112,"2020-04-01","Sikkim","11",42.05,42.05
113,"2020-04-01","Andaman- Nicobar","35",28.84,26.92
114,"2020-04-01","Mizoram","15",50.3,49.22
115,"2020-04-01","Assam","18",616.43,558.22
116,"2020-04-01","Manipur","14",65.04,63.76
117,"2020-04-01","Meghalaya","17",114.93,110.92
118,"2020-04-01","Nagaland","13",58.26,57.41
119,"2020-04-01","Tripura","16",104.05,102.49
120,"2020-04-01","Bihar","10",2316.85,2316.41
121,"2020-04-01","Arunachal Pradesh","12",35.54,34.24
122,"2020-04-01","Lakshadweep","31",5.11,5.11
123,"2020-04-01","Puducherry","34",151.88,151.88
124,"2020-04-01","Delhi","07",1670.53,1670.36
125,"2020-04-01","Dadra & Nagar Haveli and Daman & Diu","38",155.8,155.8
126,"2020-04-01","Chandigarh","04",75.8,75.8
127,"2020-04-01","Tamil Nadu","33",7233.48,7233.48
128,"2020-04-01","Haryana","06",2512.86,2512.86
129,"2020-04-01","Himachal Pradesh","02",439.38,436.74
130,"2020-04-01","UTs of J&K and Ladakh","None",1568.32,1272.28
131,"2020-04-01","Rajasthan","08",4866.65,4865.18
132,"2020-04-01","Uttar Pradesh","09",8195.71,8118.74
133,"2020-04-01","Uttarakhand","05",674.09,674.09
134,"2020-04-01","Punjab","03",2286.83,2286.83
135,"2020-04-01","Gujarat","24",7496.44,7496.44
136,"2020-04-01","Madhya Pradesh","23",5360.26,5360.26
137,"2020-04-01","Maharashtra","27",11441.74,11441.74
138,"2020-04-01","Goa","30",281.73,281.73
139,"2020-04-01","Andhra Pradesh","28",4788.36,4788.36
140,"2020-04-01","Telangana","36",4780.9,4780.9
141,"2020-04-01","Karnataka","29",6168.17,6168.17
142,"2020-04-01","Kerala","32",2046.68,2045.23
143,"2020-04-01","Chhattisgarh","22",2136.3,2136.3
144,"2020-05-01","Andaman- Nicobar","35",28.84,26.92
145,"2020-05-01","DVC","None",1424.2,1424.2
146,"2020-05-01","Jharkhand","20",760.05,736.06
147,"2020-05-01","Odisha","21",2374.99,2374.99
148,"2020-05-01","West Bengal","19",3737.19,3686.2
149,"2020-05-01","Sikkim","11",40.9,40.9
150,"2020-05-01","Arunachal Pradesh","12",43.78,43.59
151,"2020-05-01","Bihar","10",2753.1,2746.02
152,"2020-05-01","Manipur","14",70.84,70.59
153,"2020-05-01","Meghalaya","17",146.23,143.06
154,"2020-05-01","Mizoram","15",55.22,55.0
155,"2020-05-01","Nagaland","13",64.51,64.3
156,"2020-05-01","Tripura","16",123.79,123.14
157,"2020-05-01","Dadra & Nagar Haveli and Daman & Diu","38",376.47,376.47
158,"2020-05-01","Assam","18",741.17,691.12
159,"2020-05-01","Lakshadweep","31",5.33,5.33
160,"2020-05-01","Delhi","07",2522.68,2522.68
161,"2020-05-01","Tamil Nadu","33",8830.58,8830.58
162,"2020-05-01","Chandigarh","04",115.3,115.3
163,"2020-05-01","Haryana","06",3899.19,3899.19
164,"2020-05-01","Puducherry","34",228.6,228.6
165,"2020-05-01","Himachal Pradesh","02",681.72,681.61
166,"2020-05-01","UTs of J&K and Ladakh","None",1620.34,1309.14
167,"2020-05-01","Punjab","03",4032.29,4032.29
168,"2020-05-01","Uttar Pradesh","09",10350.51,10241.83
169,"2020-05-01","Uttarakhand","05",974.26,974.26
170,"2020-05-01","Rajasthan","08",6708.51,6704.17
171,"2020-05-01","Gujarat","24",9179.08,9179.08
172,"2020-05-01","Madhya Pradesh","23",6226.34,6226.34
173,"2020-05-01","Maharashtra","27",12984.26,12984.26
174,"2020-05-01","Goa","30",376.03,376.03
175,"2020-05-01","Andhra Pradesh","28",5606.33,5606.33
176,"2020-05-01","Telangana","36",4785.22,4785.22
177,"2020-05-01","Karnataka","29",6320.12,6320.12
178,"2020-05-01","Kerala","32",2188.32,2187.6
179,"2020-05-01","Chhattisgarh","22",2308.86,2308.86
180,"2020-06-01","Andaman- Nicobar","35",28.84,26.92
181,"2020-06-01","Jharkhand","20",770.88,765.75
182,"2020-06-01","Odisha","21",2479.6,2479.6
183,"2020-06-01","West Bengal","19",4637.51,4624.04
184,"2020-06-01","Sikkim","11",41.02,41.02
185,"2020-06-01","Arunachal Pradesh","12",55.63,55.39
186,"2020-06-01","Dadra & Nagar Haveli and Daman & Diu","38",500.6,500.6
187,"2020-06-01","Manipur","14",72.52,72.14
188,"2020-06-01","Meghalaya","17",157.93,157.93
189,"2020-06-01","Mizoram","15",48.9,48.53
190,"2020-06-01","Nagaland","13",68.86,68.51
191,"2020-06-01","Tripura","16",133.56,133.54
192,"2020-06-01","DVC","None",1753.47,1753.47
193,"2020-06-01","Assam","18",910.76,888.46
194,"2020-06-01","Bihar","10",2999.4,2991.66
195,"2020-06-01","Madhya Pradesh","23",5282.87,5282.87
196,"2020-06-01","Puducherry","34",234.63,234.63
197,"2020-06-01","Punjab","03",6676.08,6676.08
198,"2020-06-01","UTs of J&K and Ladakh","None",1564.23,1262.97
199,"2020-06-01","Lakshadweep","31",4.57,4.57
200,"2020-06-01","Haryana","06",5158.43,5158.43
201,"2020-06-01","Delhi","07",3110.12,3109.18
202,"2020-06-01","Rajasthan","08",7186.78,7172.84
203,"2020-06-01","Uttar Pradesh","09",11864.84,11762.39
204,"2020-06-01","Uttarakhand","05",1252.18,1252.18
205,"2020-06-01","Chhattisgarh","22",2324.88,2324.88
206,"2020-06-01","Himachal Pradesh","02",808.39,806.29
207,"2020-06-01","Chandigarh","04",160.51,160.51
208,"2020-06-01","Maharashtra","27",10823.55,10823.55
209,"2020-06-01","Goa","30",310.31,310.31
210,"2020-06-01","Andhra Pradesh","28",5074.65,5074.65
211,"2020-06-01","Telangana","36",4579.41,4579.41
212,"2020-06-01","Karnataka","29",5169.29,5169.29
213,"2020-06-01","Kerala","32",1922.39,1922.39
214,"2020-06-01","Tamil Nadu","33",8827.96,8827.96
215,"2020-06-01","Gujarat","24",8594.2,8594.2
216,"2020-07-01","Jharkhand","20",829.8,826.91
217,"2020-07-01","Odisha","21",2718.11,2718.11
218,"2020-07-01","West Bengal","19",5017.19,5014.02
219,"2020-07-01","Sikkim","11",39.91,39.91
220,"2020-07-01","Andaman- Nicobar","35",28.84,26.92
221,"2020-07-01","Arunachal Pradesh","12",52.83,52.49
222,"2020-07-01","Nagaland","13",76.59,76.31
223,"2020-07-01","Manipur","14",77.04,76.63
224,"2020-07-01","Meghalaya","17",162.65,162.65
225,"2020-07-01","Mizoram","15",62.14,61.86
226,"2020-07-01","Tripura","16",142.51,142.51
227,"2020-07-01","DVC","None",1891.99,1891.99
228,"2020-07-01","Dadra & Nagar Haveli and Daman & Diu","38",592.03,592.03
229,"2020-07-01","Assam","18",996.22,951.17
230,"2020-07-01","Bihar","10",3294.88,3275.21
231,"2020-07-01","Lakshadweep","31",4.41,4.41
232,"2020-07-01","Puducherry","34",230.99,230.95
233,"2020-07-01","Chandigarh","04",185.35,185.35
234,"2020-07-01","Delhi","07",3313.81,3313.23
235,"2020-07-01","Haryana","06",5898.12,5898.12
236,"2020-07-01","Himachal Pradesh","02",856.82,855.11
237,"2020-07-01","Punjab","03",7389.77,7389.77
238,"2020-07-01","Rajasthan","08",7782.72,7776.78
239,"2020-07-01","Uttar Pradesh","09",13115.46,13006.54
240,"2020-07-01","Uttarakhand","05",1349.56,1349.56
241,"2020-07-01","Chhattisgarh","22",2821.68,2821.67
242,"2020-07-01","UTs of J&K and Ladakh","None",1417.82,1417.82
243,"2020-07-01","Madhya Pradesh","23",6510.22,6510.15
244,"2020-07-01","Maharashtra","27",11145.73,11145.73
245,"2020-07-01","Goa","30",314.31,314.31
246,"2020-07-01","Andhra Pradesh","28",4751.27,4750.42
247,"2020-07-01","Telangana","36",5575.84,5574.85
248,"2020-07-01","Karnataka","29",4835.15,4834.12
249,"2020-07-01","Kerala","32",1940.62,1940.27
250,"2020-07-01","Tamil Nadu","33",8201.65,8200.28
251,"2020-07-01","Gujarat","24",8750.08,8750.08
252,"2020-08-01","Odisha","21",2626.77,2626.77
253,"2020-08-01","West Bengal","19",4981.4,4978.46
254,"2020-08-01","Sikkim","11",35.19,35.19
255,"2020-08-01","Andaman- Nicobar","35",28.84,26.92
256,"2020-08-01","Arunachal Pradesh","12",60.49,60.27
257,"2020-08-01","Assam","18",1101.43,1066.75
258,"2020-08-01","Nagaland","13",80.23,80.02
259,"2020-08-01","Meghalaya","17",159.92,159.92
260,"2020-08-01","Mizoram","15",64.68,64.44
261,"2020-08-01","Tripura","16",148.75,148.65
262,"2020-08-01","Jharkhand","20",851.75,842.66
263,"2020-08-01","Dadra & Nagar Haveli and Daman & Diu","38",640.04,640.04
264,"2020-08-01","Manipur","14",77.72,77.41
265,"2020-08-01","DVC","None",1893.93,1893.93
266,"2020-08-01","Himachal Pradesh","02",874.66,860.06
267,"2020-08-01","Lakshadweep","31",4.42,4.42
268,"2020-08-01","Chandigarh","04",172.3,172.3
269,"2020-08-01","Delhi","07",3166.45,3165.91
270,"2020-08-01","Haryana","06",5765.28,5745.43
271,"2020-08-01","Bihar","10",3440.41,3383.71
272,"2020-08-01","UTs of J&K and Ladakh","None",1315.58,1315.58
273,"2020-08-01","Punjab","03",7527.42,7527.42
274,"2020-08-01","Rajasthan","08",6840.81,6837.25
275,"2020-08-01","Uttarakhand","05",1324.19,1324.19
276,"2020-08-01","Chhattisgarh","22",2637.16,2637.13
277,"2020-08-01","Uttar Pradesh","09",12540.26,12432.61
278,"2020-08-01","Madhya Pradesh","23",5895.59,5895.59
279,"2020-08-01","Maharashtra","27",10801.66,10801.66
280,"2020-08-01","Goa","30",301.44,301.43
281,"2020-08-01","Andhra Pradesh","28",5053.87,5052.7
282,"2020-08-01","Telangana","36",5682.64,5681.27
283,"2020-08-01","Karnataka","29",4831.16,4829.75
284,"2020-08-01","Kerala","32",1937.06,1936.58
285,"2020-08-01","Tamil Nadu","33",8568.83,8566.95
286,"2020-08-01","Puducherry","34",237.22,237.17
287,"2020-08-01","Gujarat","24",7837.97,7837.97
288,"2020-09-01","Arunachal Pradesh","12",62.74,62.51
289,"2020-09-01","Odisha","21",2746.47,2746.47
290,"2020-09-01","West Bengal","19",5015.38,5008.4
291,"2020-09-01","Sikkim","11",40.77,40.77
292,"2020-09-01","Andaman- Nicobar","35",28.84,26.92
293,"2020-09-01","Assam","18",1033.53,996.23
294,"2020-09-01","Jharkhand","20",872.08,865.86
295,"2020-09-01","Meghalaya","17",162.86,162.86
296,"2020-09-01","Mizoram","15",46.53,46.12
297,"2020-09-01","Nagaland","13",77.37,77.03
298,"2020-09-01","Tripura","16",144.01,143.93
299,"2020-09-01","Dadra & Nagar Haveli and Daman & Diu","38",740.11,740.11
300,"2020-09-01","Manipur","14",76.56,76.23
301,"2020-09-01","DVC","None",1875.65,1875.65
302,"2020-09-01","UTs of J&K and Ladakh","None",1430.51,1430.51
303,"2020-09-01","Lakshadweep","31",4.28,4.28
304,"2020-09-01","Uttarakhand","05",1347.41,1347.41
305,"2020-09-01","Uttar Pradesh","09",13410.77,13325.11
306,"2020-09-01","Rajasthan","08",7094.26,7093.2
307,"2020-09-01","Punjab","03",7264.43,7264.43
308,"2020-09-01","Haryana","06",6005.07,5999.07
309,"2020-09-01","Delhi","07",3342.84,3342.54
310,"2020-09-01","Chandigarh","04",169.55,169.55
311,"2020-09-01","Chhattisgarh","22",2744.66,2744.66
312,"2020-09-01","Gujarat","24",8928.31,8928.31
313,"2020-09-01","Himachal Pradesh","02",893.04,882.39
314,"2020-09-01","Maharashtra","27",11552.66,11552.66
315,"2020-09-01","Madhya Pradesh","23",6492.3,6492.3
316,"2020-09-01","Puducherry","34",232.27,232.25
317,"2020-09-01","Tamil Nadu","33",8354.3,8353.94
318,"2020-09-01","Kerala","32",1903.62,1903.53
319,"2020-09-01","Karnataka","29",4538.53,4538.26
320,"2020-09-01","Bihar","10",3313.05,3304.08
321,"2020-09-01","Telangana","36",5177.39,5177.13
322,"2020-09-01","Andhra Pradesh","28",4996.54,4995.93
323,"2020-09-01","Goa","30",321.64,321.64
324,"2020-10-01","Tripura","16",148.24,148.11
325,"2020-10-01","Dadra & Nagar Haveli and Daman & Diu","38",784.13,784.13
326,"2020-10-01","Mizoram","15",74.93,74.63
327,"2020-10-01","Meghalaya","17",175.49,175.49
328,"2020-10-01","Manipur","14",80.13,79.8
329,"2020-10-01","Assam","18",1020.1,996.3
330,"2020-10-01","Arunachal Pradesh","12",67.58,67.28
331,"2020-10-01","Andaman- Nicobar","35",28.84,26.92
332,"2020-10-01","Sikkim","11",42.34,42.34
333,"2020-10-01","West Bengal","19",4900.45,4898.59
334,"2020-10-01","Odisha","21",2749.53,2749.53
335,"2020-10-01","Jharkhand","20",903.21,889.73
336,"2020-10-01","Nagaland","13",76.89,76.55
337,"2020-10-01","DVC","None",1942.25,1942.25
338,"2020-10-01","Lakshadweep","31",4.36,4.36
339,"2020-10-01","Chandigarh","04",113.22,113.22
340,"2020-10-01","Delhi","07",2451.12,2450.92
341,"2020-10-01","Haryana","06",4806.16,4806.16
342,"2020-10-01","Bihar","10",3285.29,3284.63
343,"2020-10-01","UTs of J&K and Ladakh","None",1455.37,1455.37
344,"2020-10-01","Punjab","03",4704.19,4701.79
345,"2020-10-01","Rajasthan","08",7490.55,7489.45
346,"2020-10-01","Uttar Pradesh","09",10812.0,10747.75
347,"2020-10-01","Uttarakhand","05",1132.63,1132.34
348,"2020-10-01","Chhattisgarh","22",2546.91,2546.91
349,"2020-10-01","Himachal Pradesh","02",906.05,904.97
350,"2020-10-01","Madhya Pradesh","23",7400.36,7400.36
351,"2020-10-01","Maharashtra","27",12516.68,12500.68
352,"2020-10-01","Goa","30",341.15,341.15
353,"2020-10-01","Andhra Pradesh","28",4963.14,4963.14
354,"2020-10-01","Telangana","36",4660.25,4660.25
355,"2020-10-01","Karnataka","29",4727.05,4727.05
356,"2020-10-01","Kerala","32",2071.53,2071.25
357,"2020-10-01","Tamil Nadu","33",9106.58,9106.58
358,"2020-10-01","Puducherry","34",235.21,235.21
359,"2020-10-01","Gujarat","24",10609.62,10609.62
360,"2020-11-01","West Bengal","19",3523.12,3522.17
361,"2020-11-01","Sikkim","11",46.27,46.27
362,"2020-11-01","Andaman- Nicobar","35",28.84,26.92
363,"2020-11-01","Arunachal Pradesh","12",64.64,64.39
364,"2020-11-01","Assam","18",756.75,739.53
365,"2020-11-01","Tripura","16",111.06,111.06
366,"2020-11-01","Meghalaya","17",174.7,174.7
367,"2020-11-01","Mizoram","15",76.08,75.82
368,"2020-11-01","Nagaland","13",64.39,64.06
369,"2020-11-01","Dadra & Nagar Haveli and Daman & Diu","38",731.59,731.59
370,"2020-11-01","Odisha","21",2253.02,2253.02
371,"2020-11-01","Manipur","14",84.12,83.75
372,"2020-11-01","Jharkhand","20",791.19,778.39
373,"2020-11-01","Goa","30",350.17,350.17
374,"2020-11-01","Bihar","10",2216.95,2214.25
375,"2020-11-01","Gujarat","24",9281.99,9281.99
376,"2020-11-01","Chhattisgarh","22",2127.05,2127.05
377,"2020-11-01","Uttarakhand","05",1039.92,1039.63
378,"2020-11-01","Uttar Pradesh","09",7852.97,7806.36
379,"2020-11-01","Rajasthan","08",7060.26,7058.68
380,"2020-11-01","Punjab","03",3210.21,3167.46
381,"2020-11-01","UTs of J&K and Ladakh","None",1802.07,1441.67
382,"2020-11-01","Himachal Pradesh","02",875.96,871.58
383,"2020-11-01","Haryana","06",3412.23,3412.23
384,"2020-11-01","Delhi","07",1784.46,1784.36
385,"2020-11-01","DVC","None",1853.55,1853.55
386,"2020-11-01","Lakshadweep","31",4.37,4.37
387,"2020-11-01","Puducherry","34",205.57,205.57
388,"2020-11-01","Tamil Nadu","33",7891.34,7891.34
389,"2020-11-01","Kerala","32",2117.62,2117.04
390,"2020-11-01","Karnataka","29",5405.2,5405.2
391,"2020-11-01","Telangana","36",4229.97,4229.97
392,"2020-11-01","Andhra Pradesh","28",4842.14,4842.14
393,"2020-11-01","Chandigarh","04",90.82,90.82
394,"2020-11-01","Maharashtra","27",12753.05,12753.05
395,"2020-11-01","Madhya Pradesh","23",8293.74,8293.74
396,"2020-12-01","Delhi","07",2025.2,2024.74
397,"2020-12-01","Sikkim","11",56.31,56.31
398,"2020-12-01","Andaman- Nicobar","35",28.84,26.92
399,"2020-12-01","Arunachal Pradesh","12",69.94,69.31
400,"2020-12-01","Manipur","14",104.98,104.48
401,"2020-12-01","Meghalaya","17",201.62,201.18
402,"2020-12-01","Chandigarh","04",112.13,112.13
403,"2020-12-01","Nagaland","13",69.13,68.77
404,"2020-12-01","Tripura","16",105.34,105.34
405,"2020-12-01","West Bengal","19",3549.67,3548.21
406,"2020-12-01","Dadra & Nagar Haveli and Daman & Diu","38",790.56,790.56
407,"2020-12-01","Mizoram","15",76.84,76.54
408,"2020-12-01","Odisha","21",2249.42,2249.42
409,"2020-12-01","Assam","18",745.32,727.44
410,"2020-12-01","DVC","None",1947.96,1947.96
411,"2020-12-01","Haryana","06",4032.28,4023.95
412,"2020-12-01","Himachal Pradesh","02",989.48,986.73
413,"2020-12-01","UTs of J&K and Ladakh","None",1994.74,1673.03
414,"2020-12-01","Punjab","03",3850.2,3846.74
415,"2020-12-01","Rajasthan","08",7804.67,7792.76
416,"2020-12-01","Uttar Pradesh","09",8855.46,8799.38
417,"2020-12-01","Jharkhand","20",876.15,837.44
418,"2020-12-01","Uttarakhand","05",1215.72,1215.72
419,"2020-12-01","Chhattisgarh","22",2563.36,2563.04
420,"2020-12-01","Madhya Pradesh","23",8594.21,8594.21
421,"2020-12-01","Gujarat","24",9979.23,9979.23
422,"2020-12-01","Goa","30",359.9,359.9
423,"2020-12-01","Andhra Pradesh","28",4820.23,4820.23
424,"2020-12-01","Telangana","36",5512.02,5512.02
425,"2020-12-01","Karnataka","29",6093.18,6093.18
426,"2020-12-01","Kerala","32",2171.07,2170.62
427,"2020-12-01","Tamil Nadu","33",7912.84,7912.84
428,"2020-12-01","Puducherry","34",208.36,208.36
429,"2020-12-01","Lakshadweep","31",4.53,4.53
430,"2020-12-01","Bihar","10",2461.3,2456.74
431,"2020-12-01","Maharashtra","27",13694.04,13694.04
432,"2021-01-01","Assam","18",745.09,730.54
433,"2021-01-01","Sikkim","11",57.8,57.8
434,"2021-01-01","Andaman- Nicobar","35",28.84,26.92
435,"2021-01-01","Arunachal Pradesh","12",71.38,71.09
436,"2021-01-01","Manipur","14",103.56,103.26
437,"2021-01-01","Dadra & Nagar Haveli and Daman & Diu","38",814.3,814.3
438,"2021-01-01","Mizoram","15",63.72,63.41
439,"2021-01-01","Nagaland","13",66.17,65.87
440,"2021-01-01","Tripura","16",110.64,110.63
441,"2021-01-01","West Bengal","19",3839.86,3837.82
442,"2021-01-01","Meghalaya","17",208.92,208.92
443,"2021-01-01","Odisha","21",2339.11,2339.11
444,"2021-01-01","Maharashtra","27",13984.67,13984.67
445,"2021-01-01","DVC","None",2038.77,2038.77
446,"2021-01-01","Chandigarh","04",131.18,131.18
447,"2021-01-01","Delhi","07",2269.96,2269.72
448,"2021-01-01","Haryana","06",3927.45,3924.14
449,"2021-01-01","Himachal Pradesh","02",1003.4,999.16
450,"2021-01-01","UTs of J&K and Ladakh","None",2034.75,1653.95
451,"2021-01-01","Punjab","03",3852.88,3849.34
452,"2021-01-01","Jharkhand","20",884.54,841.83
453,"2021-01-01","Uttar Pradesh","09",9239.63,9178.17
454,"2021-01-01","Uttarakhand","05",1262.74,1260.2
455,"2021-01-01","Chhattisgarh","22",2822.02,2815.47
456,"2021-01-01","Gujarat","24",10057.91,10057.91
457,"2021-01-01","Rajasthan","08",7803.06,7781.83
458,"2021-01-01","Bihar","10",2741.93,2730.67
459,"2021-01-01","Goa","30",372.1,372.1
460,"2021-01-01","Andhra Pradesh","28",5320.45,5320.45
461,"2021-01-01","Telangana","36",6895.95,6895.95
462,"2021-01-01","Karnataka","29",6363.04,6363.04
463,"2021-01-01","Kerala","32",2172.18,2166.36
464,"2021-01-01","Tamil Nadu","33",7721.99,7721.99
465,"2021-01-01","Puducherry","34",216.54,216.54
466,"2021-01-01","Lakshadweep","31",4.67,4.67
467,"2021-01-01","Madhya Pradesh","23",8790.96,8790.96
468,"2021-02-01","Andaman- Nicobar","35",28.84,26.92
469,"2021-02-01","Arunachal Pradesh","12",64.47,64.21
470,"2021-02-01","Assam","18",687.71,676.74
471,"2021-02-01","Manipur","14",83.45,83.19
472,"2021-02-01","Sikkim","11",50.94,50.94
473,"2021-02-01","Mizoram","15",54.92,54.64
474,"2021-02-01","Nagaland","13",59.9,59.64
475,"2021-02-01","Tripura","16",97.71,97.71
476,"2021-02-01","Dadra & Nagar Haveli and Daman & Diu","38",758.75,758.75
477,"2021-02-01","Meghalaya","17",179.87,175.79
478,"2021-02-01","West Bengal","19",3669.44,3667.94
479,"2021-02-01","Maharashtra","27",13024.94,13024.94
480,"2021-02-01","Jharkhand","20",796.44,748.46
481,"2021-02-01","Chandigarh","04",97.63,97.63
482,"2021-02-01","Delhi","07",1805.05,1804.65
483,"2021-02-01","Haryana","06",3748.71,3743.99
484,"2021-02-01","Himachal Pradesh","02",880.99,871.11
485,"2021-02-01","UTs of J&K and Ladakh","None",1737.93,1433.94
486,"2021-02-01","Punjab","03",3604.63,3595.44
487,"2021-02-01","Uttar Pradesh","09",8258.96,8181.94
488,"2021-02-01","Uttarakhand","05",1100.03,1098.86
489,"2021-02-01","Chhattisgarh","22",2709.1,2702.41
490,"2021-02-01","Gujarat","24",9546.61,9546.61
491,"2021-02-01","Madhya Pradesh","23",7522.21,7522.21
492,"2021-02-01","Goa","30",335.17,335.17
493,"2021-02-01","Odisha","21",2284.05,2284.05
494,"2021-02-01","Rajasthan","08",7409.82,7391.79
495,"2021-02-01","Andhra Pradesh","28",5271.74,5270.76
496,"2021-02-01","DVC","None",1830.63,1830.63
497,"2021-02-01","Bihar","10",2425.71,2413.37
498,"2021-02-01","Lakshadweep","31",4.44,4.44
499,"2021-02-01","Puducherry","34",207.91,207.86
500,"2021-02-01","Tamil Nadu","33",8193.05,8191.45
501,"2021-02-01","Kerala","32",2098.84,2092.84
502,"2021-02-01","Karnataka","29",6391.98,6390.79
503,"2021-02-01","Telangana","36",6783.09,6781.94
504,"2021-03-01","Assam","18",837.4,792.85
505,"2021-03-01","Manipur","14",78.22,77.88
506,"2021-03-01","Meghalaya","17",186.17,171.99
507,"2021-03-01","UTs of J&K and Ladakh","None",1831.51,1556.23
508,"2021-03-01","Nagaland","13",64.18,63.78
509,"2021-03-01","Punjab","03",4045.78,4039.68
510,"2021-03-01","Haryana","06",3994.74,3984.43
511,"2021-03-01","Delhi","07",2097.37,2096.97
512,"2021-03-01","Chandigarh","04",99.08,99.08
513,"2021-03-01","Arunachal Pradesh","12",69.78,69.2
514,"2021-03-01","Dadra & Nagar Haveli and Daman & Diu","38",836.26,836.26
515,"2021-03-01","Tripura","16",114.61,114.22
516,"2021-03-01","Andaman- Nicobar","35",28.84,26.92
517,"2021-03-01","Mizoram","15",53.4,53.06
518,"2021-03-01","West Bengal","19",5110.64,5107.19
519,"2021-03-01","Rajasthan","08",7262.59,7240.77
520,"2021-03-01","Uttar Pradesh","09",9870.81,9782.5
521,"2021-03-01","Uttarakhand","05",1153.93,1149.95
522,"2021-03-01","Chhattisgarh","22",2729.73,2721.12
523,"2021-03-01","Gujarat","24",11360.73,11360.73
524,"2021-03-01","Madhya Pradesh","23",7067.88,7067.88
525,"2021-03-01","Sikkim","11",52.45,52.45
526,"2021-03-01","Goa","30",419.21,419.21
527,"2021-03-01","Andhra Pradesh","28",6591.18,6591.18
528,"2021-03-01","Telangana","36",8335.56,8335.56
529,"2021-03-01","Maharashtra","27",15955.62,15955.62
530,"2021-03-01","Kerala","32",2548.1,2548.1
531,"2021-03-01","Karnataka","29",8007.66,7992.07
532,"2021-03-01","Jharkhand","20",921.58,867.5
533,"2021-03-01","DVC","None",2058.88,2058.88
534,"2021-03-01","Bihar","10",2921.69,2901.1
535,"2021-03-01","Himachal Pradesh","02",975.98,974.51
536,"2021-03-01","Puducherry","34",254.62,254.62
537,"2021-03-01","Tamil Nadu","33",10351.38,10351.38
538,"2021-03-01","Lakshadweep","31",5.23,5.23
539,"2021-03-01","Odisha","21",2946.75,2946.75
540,"2021-04-01","Sikkim","11",45.55,45.55
541,"2021-04-01","Dadra & Nagar Haveli and Daman & Diu","38",767.15,767.15
542,"2021-04-01","Tripura","16",149.16,149.05
543,"2021-04-01","Nagaland","13",62.07,61.73
544,"2021-04-01","Mizoram","15",52.17,51.86
545,"2021-04-01","Meghalaya","17",164.17,151.2
546,"2021-04-01","Manipur","14",73.81,73.49
547,"2021-04-01","Assam","18",854.18,835.53
548,"2021-04-01","Arunachal Pradesh","12",65.13,64.88
549,"2021-04-01","Andaman- Nicobar","35",28.84,26.92
550,"2021-04-01","West Bengal","19",5416.84,5409.83
551,"2021-04-01","Jharkhand","20",946.45,910.5
552,"2021-04-01","Andhra Pradesh","28",6282.53,6279.53
553,"2021-04-01","Goa","30",405.94,405.93
554,"2021-04-01","Maharashtra","27",15635.63,15635.6
555,"2021-04-01","Madhya Pradesh","23",6800.28,6800.28
556,"2021-04-01","Gujarat","24",11271.21,11271.21
557,"2021-04-01","Chhattisgarh","22",2825.73,2824.56
558,"2021-04-01","Uttarakhand","05",1156.99,1152.94
559,"2021-04-01","Uttar Pradesh","09",10143.09,10049.07
560,"2021-04-01","Rajasthan","08",6514.93,6509.44
561,"2021-04-01","Punjab","03",3717.77,3710.89
562,"2021-04-01","UTs of J&K and Ladakh","None",1764.27,1572.27
563,"2021-04-01","Odisha","21",3119.92,3119.92
564,"2021-04-01","Haryana","06",3873.16,3865.6
565,"2021-04-01","Delhi","07",2239.79,2239.45
566,"2021-04-01","Chandigarh","04",105.39,105.39
567,"2021-04-01","Telangana","36",6574.89,6573.83
568,"2021-04-01","Karnataka","29",7225.47,7224.38
569,"2021-04-01","Kerala","32",2420.21,2419.23
570,"2021-04-01","Tamil Nadu","33",10378.97,10377.52
571,"2021-04-01","Puducherry","34",271.05,271.01
572,"2021-04-01","Lakshadweep","31",5.11,5.11
573,"2021-04-01","Himachal Pradesh","02",875.23,871.59
574,"2021-04-01","Bihar","10",3269.94,3251.85
575,"2021-04-01","DVC","None",2027.31,2027.31
576,"2021-05-01","Arunachal Pradesh","12",60.09,59.82
577,"2021-05-01","Assam","18",843.79,843.79
578,"2021-05-01","Manipur","14",76.46,76.11
579,"2021-05-01","Meghalaya","17",164.26,164.25
580,"2021-05-01","Dadra & Nagar Haveli and Daman & Diu","38",673.22,673.22
581,"2021-05-01","Nagaland","13",69.33,69.05
582,"2021-05-01","Tripura","16",131.03,130.82
583,"2021-05-01","Andaman- Nicobar","35",28.84,26.92
584,"2021-05-01","Mizoram","15",52.39,52.11
585,"2021-05-01","Sikkim","11",45.89,45.89
586,"2021-05-01","West Bengal","19",4522.01,4507.64
587,"2021-05-01","Odisha","21",3054.03,3054.03
588,"2021-05-01","Chandigarh","04",127.41,127.41
589,"2021-05-01","Delhi","07",2328.35,2328.12
590,"2021-05-01","Haryana","06",4134.6,4133.38
591,"2021-05-01","Himachal Pradesh","02",880.75,879.98
592,"2021-05-01","UTs of J&K and Ladakh","None",1717.87,1601.62
593,"2021-05-01","Punjab","03",4639.34,4639.34
594,"2021-05-01","Rajasthan","08",6600.08,6596.4
595,"2021-05-01","Uttar Pradesh","09",10605.29,10501.51
596,"2021-05-01","Uttarakhand","05",1075.21,1075.21
597,"2021-05-01","Gujarat","24",10076.11,10076.11
598,"2021-05-01","Madhya Pradesh","23",6482.87,6482.87
599,"2021-05-01","Chhattisgarh","22",2496.22,2496.22
600,"2021-05-01","Goa","30",343.1,343.1
601,"2021-05-01","Jharkhand","20",820.2,815.49
602,"2021-05-01","DVC","None",1861.41,1861.41
603,"2021-05-01","Maharashtra","27",14465.11,14465.11
604,"2021-05-01","Lakshadweep","31",5.33,5.33
605,"2021-05-01","Puducherry","34",249.18,249.18
606,"2021-05-01","Tamil Nadu","33",9021.17,9021.17
607,"2021-05-01","Bihar","10",2953.66,2927.66
608,"2021-05-01","Karnataka","29",5767.73,5767.73
609,"2021-05-01","Telangana","36",4779.28,4779.28
610,"2021-05-01","Andhra Pradesh","28",5912.73,5912.73
611,"2021-05-01","Kerala","32",2054.64,2051.42
612,"2021-06-01","Arunachal Pradesh","12",63.2,63.2
613,"2021-06-01","Dadra & Nagar Haveli and Daman & Diu","38",767.4,767.4
614,"2021-06-01","Tripura","16",126.72,126.72
615,"2021-06-01","Nagaland","13",74.23,74.23
616,"2021-06-01","Mizoram","15",52.32,50.88
617,"2021-06-01","Meghalaya","17",161.76,161.51
618,"2021-06-01","Manipur","14",76.54,76.28
619,"2021-06-01","Assam","18",999.48,999.48
620,"2021-06-01","Andaman- Nicobar","35",28.84,26.92
621,"2021-06-01","Uttarakhand","05",1310.8,1309.36
622,"2021-06-01","West Bengal","19",4735.37,4730.67
623,"2021-06-01","Chandigarh","04",167.16,167.16
624,"2021-06-01","Delhi","07",3287.39,3286.47
625,"2021-06-01","Haryana","06",5621.52,5610.13
626,"2021-06-01","Himachal Pradesh","02",986.36,985.75
627,"2021-06-01","UTs of J&K and Ladakh","None",1603.79,1500.29
628,"2021-06-01","Punjab","03",7042.72,6993.72
629,"2021-06-01","Rajasthan","08",7333.42,7312.47
630,"2021-06-01","Uttar Pradesh","09",12039.62,11906.3
631,"2021-06-01","Sikkim","11",44.32,44.32
632,"2021-06-01","Chhattisgarh","22",2549.6,2548.98
633,"2021-06-01","Gujarat","24",9373.94,9373.94
634,"2021-06-01","Maharashtra","27",13605.9,13605.9
635,"2021-06-01","Madhya Pradesh","23",5939.21,5939.21
636,"2021-06-01","Andhra Pradesh","28",5560.28,5553.83
637,"2021-06-01","Telangana","36",5162.78,5162.78
638,"2021-06-01","Karnataka","29",5280.79,5280.79
639,"2021-06-01","Kerala","32",2014.24,2014.24
640,"2021-06-01","Tamil Nadu","33",9215.25,9215.25
641,"2021-06-01","Puducherry","34",241.0,241.0
642,"2021-06-01","Lakshadweep","31",4.57,4.57
643,"2021-06-01","Bihar","10",3197.11,3195.04
644,"2021-06-01","DVC","None",1930.48,1930.48
645,"2021-06-01","Jharkhand","20",867.92,851.36
646,"2021-06-01","Odisha","21",3010.36,3010.36
647,"2021-06-01","Goa","30",393.76,393.76
648,"2021-07-01","Manipur","14",81.02,80.77
649,"2021-07-01","Assam","18",1110.1,1110.1
650,"2021-07-01","Meghalaya","17",200.72,200.65
651,"2021-07-01","Arunachal Pradesh","12",76.76,76.76
652,"2021-07-01","Nagaland","13",78.11,78.11
653,"2021-07-01","Tripura","16",143.64,143.64
654,"2021-07-01","Dadra & Nagar Haveli and Daman & Diu","38",813.13,813.13
655,"2021-07-01","Mizoram","15",51.69,50.49
656,"2021-07-01","Andaman- Nicobar","35",28.84,26.92
657,"2021-07-01","Uttarakhand","05",1593.94,1579.89
658,"2021-07-01","West Bengal","19",5248.49,5245.1
659,"2021-07-01","Tamil Nadu","33",9430.5,9430.5
660,"2021-07-01","Kerala","32",2072.85,2072.85
661,"2021-07-01","Karnataka","29",5219.94,5219.94
662,"2021-07-01","Telangana","36",5797.46,5797.46
663,"2021-07-01","Andhra Pradesh","28",5291.91,5285.07
664,"2021-07-01","Goa","30",348.66,348.66
665,"2021-07-01","Maharashtra","27",13466.29,13466.29
666,"2021-07-01","Madhya Pradesh","23",6273.23,6273.23
667,"2021-07-01","Gujarat","24",10267.57,10267.57
668,"2021-07-01","Uttar Pradesh","09",14007.71,13872.3
669,"2021-07-01","Rajasthan","08",8165.87,8158.67
670,"2021-07-01","Punjab","03",8318.88,8199.13
671,"2021-07-01","Chhattisgarh","22",2630.53,2626.89
672,"2021-07-01","Himachal Pradesh","02",1119.18,1118.5
673,"2021-07-01","Odisha","21",3410.75,3410.75
674,"2021-07-01","Jharkhand","20",960.75,936.42
675,"2021-07-01","UTs of J&K and Ladakh","None",1551.87,1444.92
676,"2021-07-01","Bihar","10",3775.27,3754.92
677,"2021-07-01","Lakshadweep","31",4.41,4.41
678,"2021-07-01","DVC","None",1931.25,1931.25
679,"2021-07-01","Chandigarh","04",201.34,201.34
680,"2021-07-01","Delhi","07",3722.23,3720.64
681,"2021-07-01","Haryana","06",6499.43,6497.68
682,"2021-07-01","Puducherry","34",259.18,259.18
683,"2021-07-01","Sikkim","11",46.99,46.99
684,"2021-08-01","Arunachal Pradesh","12",79.28,79.28
685,"2021-08-01","Dadra & Nagar Haveli and Daman & Diu","38",815.91,815.91
686,"2021-08-01","Tripura","16",145.8,145.8
687,"2021-08-01","Nagaland","13",80.09,80.09
688,"2021-08-01","Mizoram","15",50.08,49.29
689,"2021-08-01","Meghalaya","17",175.58,175.52
690,"2021-08-01","Manipur","14",80.81,80.81
691,"2021-08-01","Assam","18",1125.19,1125.19
692,"2021-08-01","Andaman- Nicobar","35",27.88,27.88
693,"2021-08-01","West Bengal","19",5331.49,5327.98
694,"2021-08-01","Chandigarh","04",187.0,187.0
695,"2021-08-01","Delhi","07",3546.67,3546.09
696,"2021-08-01","Haryana","06",6471.96,6459.55
697,"2021-08-01","Himachal Pradesh","02",1127.53,1123.17
698,"2021-08-01","UTs of J&K and Ladakh","None",1528.95,1422.0
699,"2021-08-01","Punjab","03",8268.7,8268.7
700,"2021-08-01","Rajasthan","08",8273.02,8190.21
701,"2021-08-01","Uttar Pradesh","09",13325.63,13121.55
702,"2021-08-01","Uttarakhand","05",1445.76,1421.71
703,"2021-08-01","Sikkim","11",46.17,46.17
704,"2021-08-01","Gujarat","24",11514.85,11510.2
705,"2021-08-01","Madhya Pradesh","23",6528.38,6482.3
706,"2021-08-01","Chhattisgarh","22",2948.02,2924.89
707,"2021-08-01","Goa","30",359.85,359.85
708,"2021-08-01","Odisha","21",3464.24,3464.24
709,"2021-08-01","Jharkhand","20",984.19,940.05
710,"2021-08-01","Maharashtra","27",14311.43,14311.43
711,"2021-08-01","Bihar","10",3706.92,3643.67
712,"2021-08-01","Lakshadweep","31",4.42,4.42
713,"2021-08-01","DVC","None",1999.84,1999.84
714,"2021-08-01","Tamil Nadu","33",9824.36,9822.96
715,"2021-08-01","Kerala","32",2107.89,2106.52
716,"2021-08-01","Karnataka","29",5827.86,5826.81
717,"2021-08-01","Telangana","36",6492.8,6490.55
718,"2021-08-01","Andhra Pradesh","28",6086.06,6075.04
719,"2021-08-01","Puducherry","34",256.2,256.16
720,"2021-09-01","Assam","18",1132.1,1132.1
721,"2021-09-01","Tripura","16",148.67,148.67
722,"2021-09-01","Nagaland","13",75.15,75.15
723,"2021-09-01","Mizoram","15",48.6,47.8
724,"2021-09-01","Meghalaya","17",164.62,164.6
725,"2021-09-01","Manipur","14",79.08,78.91
726,"2021-09-01","Arunachal Pradesh","12",74.25,74.17
727,"2021-09-01","Dadra & Nagar Haveli and Daman & Diu","38",800.03,800.03
728,"2021-09-01","Sikkim","11",46.41,46.41
729,"2021-09-01","Chandigarh","04",165.95,165.95
730,"2021-09-01","Delhi","07",3027.45,3026.95
731,"2021-09-01","Haryana","06",4975.33,4969.25
732,"2021-09-01","Himachal Pradesh","02",1057.7,1056.13
733,"2021-09-01","UTs of J&K and Ladakh","None",1437.27,1333.77
734,"2021-09-01","Punjab","03",6518.01,6518.01
735,"2021-09-01","Rajasthan","08",6538.8,6535.25
736,"2021-09-01","Uttar Pradesh","09",11785.8,11581.72
737,"2021-09-01","Uttarakhand","05",1371.35,1367.04
738,"2021-09-01","Chhattisgarh","22",2688.4,2686.96
739,"2021-09-01","Madhya Pradesh","23",6417.79,6417.79
740,"2021-09-01","Maharashtra","27",12704.15,12704.15
741,"2021-09-01","Goa","30",336.77,336.77
742,"2021-09-01","Gujarat","24",8344.07,8330.69
743,"2021-09-01","Telangana","36",5434.58,5434.58
744,"2021-09-01","West Bengal","19",4909.29,4902.39
745,"2021-09-01","Odisha","21",3193.65,3193.65
746,"2021-09-01","Jharkhand","20",918.47,889.38
747,"2021-09-01","Andhra Pradesh","28",5670.66,5666.9
748,"2021-09-01","Bihar","10",3570.53,3486.98
749,"2021-09-01","Lakshadweep","31",4.22,4.22
750,"2021-09-01","DVC","None",1940.53,1940.53
751,"2021-09-01","Andaman- Nicobar","35",26.44,26.44
752,"2021-09-01","Tamil Nadu","33",9278.56,9278.35
753,"2021-09-01","Kerala","32",2157.74,2157.74
754,"2021-09-01","Karnataka","29",5631.98,5631.98
755,"2021-09-01","Puducherry","34",254.36,254.36
756,"2021-10-01","Manipur","14",82.0,82.0
757,"2021-10-01","Dadra & Nagar Haveli and Daman & Diu","38",812.42,812.42
758,"2021-10-01","Tripura","16",128.19,128.19
759,"2021-10-01","Nagaland","13",75.33,75.33
760,"2021-10-01","Mizoram","15",57.24,53.61
761,"2021-10-01","Meghalaya","17",179.37,179.37
762,"2021-10-01","Assam","18",996.28,996.28
763,"2021-10-01","Andaman- Nicobar","35",26.44,26.44
764,"2021-10-01","Maharashtra","27",13853.13,13853.13
765,"2021-10-01","Haryana","06",4767.23,4654.26
766,"2021-10-01","Himachal Pradesh","02",1031.68,1030.18
767,"2021-10-01","UTs of J&K and Ladakh","None",1472.49,1365.54
768,"2021-10-01","Punjab","03",4927.47,4806.58
769,"2021-10-01","Rajasthan","08",7263.42,7021.74
770,"2021-10-01","Uttar Pradesh","09",10650.57,10450.44
771,"2021-10-01","Uttarakhand","05",1342.45,1328.24
772,"2021-10-01","Chhattisgarh","22",2821.35,2817.59
773,"2021-10-01","Gujarat","24",10928.49,10713.8
774,"2021-10-01","Madhya Pradesh","23",6879.72,6879.62
775,"2021-10-01","Arunachal Pradesh","12",72.25,72.0
776,"2021-10-01","Goa","30",394.4,394.4
777,"2021-10-01","Delhi","07",2663.31,2663.12
778,"2021-10-01","Andhra Pradesh","28",5834.22,5818.37
779,"2021-10-01","Karnataka","29",5355.46,5344.99
780,"2021-10-01","Kerala","32",2201.25,2200.06
781,"2021-10-01","Tamil Nadu","33",8874.12,8869.51
782,"2021-10-01","Puducherry","34",248.71,248.58
783,"2021-10-01","Chandigarh","04",126.2,126.2
784,"2021-10-01","Lakshadweep","31",4.36,4.36
785,"2021-10-01","Bihar","10",3052.18,2968.07
786,"2021-10-01","DVC","None",1992.74,1991.35
787,"2021-10-01","Jharkhand","20",955.02,875.78
788,"2021-10-01","Odisha","21",3298.76,3296.45
789,"2021-10-01","West Bengal","19",4782.32,4777.06
790,"2021-10-01","Sikkim","11",47.13,47.1
791,"2021-10-01","Telangana","36",5861.21,5855.58
792,"2021-11-01","Mizoram","15",60.73,57.77
793,"2021-11-01","Manipur","14",81.74,81.74
794,"2021-11-01","Tripura","16",118.66,118.66
795,"2021-11-01","Dadra & Nagar Haveli and Daman & Diu","38",770.02,770.02
796,"2021-11-01","Nagaland","13",66.06,66.06
797,"2021-11-01","Assam","18",762.03,762.03
798,"2021-11-01","Meghalaya","17",195.88,195.88
799,"2021-11-01","Andaman- Nicobar","35",28.99,28.99
800,"2021-11-01","Arunachal Pradesh","12",68.11,68.11
801,"2021-11-01","Lakshadweep","31",4.37,4.37
802,"2021-11-01","Puducherry","34",202.77,202.73
803,"2021-11-01","Tamil Nadu","33",7238.82,7237.53
804,"2021-11-01","Kerala","32",2112.37,2112.04
805,"2021-11-01","Karnataka","29",4734.33,4733.36
806,"2021-11-01","Telangana","36",4546.24,4545.3
807,"2021-11-01","Andhra Pradesh","28",4611.58,4610.62
808,"2021-11-01","Bihar","10",2217.77,2200.31
809,"2021-11-01","Goa","30",386.96,386.96
810,"2021-11-01","Maharashtra","27",14171.94,14171.94
811,"2021-11-01","Gujarat","24",9627.38,9619.46
812,"2021-11-01","Chhattisgarh","22",2202.37,2202.36
813,"2021-11-01","Madhya Pradesh","23",8054.03,8054.03
814,"2021-11-01","Uttar Pradesh","09",8257.36,8237.43
815,"2021-11-01","Sikkim","11",50.75,50.73
816,"2021-11-01","West Bengal","19",3535.18,3533.39
817,"2021-11-01","Odisha","21",3066.13,3065.06
818,"2021-11-01","Jharkhand","20",863.41,836.23
819,"2021-11-01","DVC","None",1908.01,1907.34
820,"2021-11-01","Uttarakhand","05",1054.27,1053.52
821,"2021-11-01","Chandigarh","04",89.44,89.44
822,"2021-11-01","Haryana","06",3483.12,3477.12
823,"2021-11-01","Himachal Pradesh","02",932.78,929.46
824,"2021-11-01","UTs of J&K and Ladakh","None",1693.08,1589.58
825,"2021-11-01","Punjab","03",3390.9,3363.09
826,"2021-11-01","Rajasthan","08",7181.68,7174.01
827,"2021-11-01","Delhi","07",1821.21,1821.08
828,"2021-12-01","Dadra & Nagar Haveli and Daman & Diu","38",812.27,812.27
829,"2021-12-01","Meghalaya","17",223.4,223.4
830,"2021-12-01","Tripura","16",137.69,137.69
831,"2021-12-01","Nagaland","13",69.95,69.95
832,"2021-12-01","Mizoram","15",58.87,58.62
833,"2021-12-01","Manipur","14",101.07,101.07
834,"2021-12-01","Assam","18",759.68,759.68
835,"2021-12-01","Arunachal Pradesh","12",76.4,76.4
836,"2021-12-01","Delhi","07",2090.55,2090.15
837,"2021-12-01","Haryana","06",4042.0,4034.12
838,"2021-12-01","Himachal Pradesh","02",1053.93,1052.27
839,"2021-12-01","UTs of J&K and Ladakh","None",1785.38,1619.81
840,"2021-12-01","Punjab","03",4128.93,4092.89
841,"2021-12-01","Rajasthan","08",8228.72,8211.05
842,"2021-12-01","Uttar Pradesh","09",9402.98,9402.98
843,"2021-12-01","Uttarakhand","05",1284.47,1283.92
844,"2021-12-01","Chhattisgarh","22",2370.6,2370.49
845,"2021-12-01","Gujarat","24",10466.99,10450.61
846,"2021-12-01","Madhya Pradesh","23",8948.93,8948.93
847,"2021-12-01","Maharashtra","27",14148.42,14148.42
848,"2021-12-01","Chandigarh","04",106.05,106.05
849,"2021-12-01","Goa","30",369.06,369.06
850,"2021-12-01","Telangana","36",5456.61,5456.61
851,"2021-12-01","Karnataka","29",5426.29,5426.29
852,"2021-12-01","Kerala","32",2279.25,2279.25
853,"2021-12-01","Tamil Nadu","33",8446.6,8446.6
854,"2021-12-01","Puducherry","34",217.28,217.28
855,"2021-12-01","Lakshadweep","31",4.53,4.53
856,"2021-12-01","Bihar","10",2385.81,2350.54
857,"2021-12-01","DVC","None",1982.36,1981.67
858,"2021-12-01","Jharkhand","20",951.86,873.63
859,"2021-12-01","Odisha","21",3033.69,3032.63
860,"2021-12-01","West Bengal","19",3546.16,3543.34
861,"2021-12-01","Sikkim","11",61.04,61.02
862,"2021-12-01","Andaman- Nicobar","35",26.92,26.92
863,"2021-12-01","Andhra Pradesh","28",5088.23,5088.23
864,"2022-01-01","Mizoram","15",60.21,60.21
865,"2022-01-01","Nagaland","13",68.25,68.25
866,"2022-01-01","Dadra & Nagar Haveli and Daman & Diu","38",807.04,807.04
867,"2022-01-01","Meghalaya","17",224.76,224.76
868,"2022-01-01","Tripura","16",127.84,127.84
869,"2022-01-01","Manipur","14",109.11,109.11
870,"2022-01-01","Madhya Pradesh","23",7760.59,7760.59
871,"2022-01-01","Arunachal Pradesh","12",85.92,85.92
872,"2022-01-01","Chandigarh","04",125.22,125.22
873,"2022-01-01","Delhi","07",2267.05,2266.46
874,"2022-01-01","Haryana","06",3730.15,3725.05
875,"2022-01-01","Himachal Pradesh","02",1070.53,1069.53
876,"2022-01-01","UTs of J&K and Ladakh","None",1875.98,1731.83
877,"2022-01-01","Punjab","03",3839.76,3798.86
878,"2022-01-01","Rajasthan","08",7752.3,7742.62
879,"2022-01-01","Uttar Pradesh","09",9716.01,9716.01
880,"2022-01-01","Uttarakhand","05",1391.56,1389.06
881,"2022-01-01","Chhattisgarh","22",2445.53,2445.27
882,"2022-01-01","Gujarat","24",10479.63,10450.61
883,"2022-01-01","Assam","18",760.5,760.5
884,"2022-01-01","Goa","30",358.9,358.9
885,"2022-01-01","Maharashtra","27",14616.1,14616.1
886,"2022-01-01","Telangana","36",6098.34,6098.34
887,"2022-01-01","Andaman- Nicobar","35",27.77,27.77
888,"2022-01-01","Sikkim","11",63.33,63.33
889,"2022-01-01","West Bengal","19",3637.07,3636.1
890,"2022-01-01","Odisha","21",3290.67,3290.67
891,"2022-01-01","Jharkhand","20",990.16,928.09
892,"2022-01-01","Andhra Pradesh","28",5547.42,5542.76
893,"2022-01-01","Bihar","10",2660.99,2635.89
894,"2022-01-01","DVC","None",2058.22,2058.22
895,"2022-01-01","Puducherry","34",221.12,221.12
896,"2022-01-01","Tamil Nadu","33",8709.19,8709.19
897,"2022-01-01","Kerala","32",2315.71,2315.71
898,"2022-01-01","Karnataka","29",6869.0,6869.0
899,"2022-01-01","Lakshadweep","31",4.67,4.67
900,"2022-02-01","Dadra & Nagar Haveli and Daman & Diu","38",764.73,764.73
901,"2022-02-01","Meghalaya","17",201.66,201.66
902,"2022-02-01","Nagaland","13",63.51,63.51
903,"2022-02-01","Mizoram","15",51.52,51.52
904,"2022-02-01","Manipur","14",94.43,94.43
905,"2022-02-01","Tripura","16",96.62,96.62
906,"2022-02-01","Arunachal Pradesh","12",78.06,78.06
907,"2022-02-01","Delhi","07",1873.19,1872.91
908,"2022-02-01","Haryana","06",3562.5,3544.56
909,"2022-02-01","Himachal Pradesh","02",969.22,966.56
910,"2022-02-01","UTs of J&K and Ladakh","None",1756.39,1626.24
911,"2022-02-01","Punjab","03",3457.25,3454.42
912,"2022-02-01","Rajasthan","08",7774.48,7758.89
913,"2022-02-01","Uttar Pradesh","09",8583.97,8583.97
914,"2022-02-01","Uttarakhand","05",1187.06,1187.06
915,"2022-02-01","Chhattisgarh","22",2580.04,2580.04
916,"2022-02-01","Gujarat","24",9757.14,9757.14
917,"2022-02-01","Madhya Pradesh","23",8385.53,8385.53
918,"2022-02-01","Maharashtra","27",14385.49,14376.92
919,"2022-02-01","Goa","30",332.64,332.64
920,"2022-02-01","Telangana","36",6257.56,6257.46
921,"2022-02-01","Andhra Pradesh","28",5629.9,5558.59
922,"2022-02-01","Jharkhand","20",844.52,792.37
923,"2022-02-01","Kerala","32",2222.35,2222.31
924,"2022-02-01","Assam","18",691.91,691.91
925,"2022-02-01","Tamil Nadu","33",8864.62,8864.49
926,"2022-02-01","Puducherry","34",212.77,212.76
927,"2022-02-01","Lakshadweep","31",4.44,4.44
928,"2022-02-01","Bihar","10",2311.86,2285.63
929,"2022-02-01","DVC","None",1879.96,1879.96
930,"2022-02-01","Karnataka","29",6940.38,6940.29
931,"2022-02-01","Odisha","21",2960.88,2960.88
932,"2022-02-01","West Bengal","19",3433.88,3432.38
933,"2022-02-01","Chandigarh","04",96.86,96.86
934,"2022-02-01","Sikkim","11",59.06,59.06
935,"2022-02-01","Andaman- Nicobar","35",24.46,24.46
936,"2022-03-01","Tripura","16",123.85,123.85
937,"2022-03-01","Nagaland","13",69.63,69.63
938,"2022-03-01","Dadra & Nagar Haveli and Daman & Diu","38",829.64,829.57
939,"2022-03-01","Meghalaya","17",199.99,199.99
940,"2022-03-01","Mizoram","15",60.0,60.0
941,"2022-03-01","Assam","18",808.68,808.68
942,"2022-03-01","Chandigarh","04",107.65,107.65
943,"2022-03-01","Delhi","07",2260.41,2260.13
944,"2022-03-01","Haryana","06",4338.36,4238.33
945,"2022-03-01","Himachal Pradesh","02",1010.0,1005.11
946,"2022-03-01","UTs of J&K and Ladakh","None",1770.06,1625.91
947,"2022-03-01","Punjab","03",4596.71,4565.23
948,"2022-03-01","Rajasthan","08",8187.36,8098.93
949,"2022-03-01","Uttar Pradesh","09",10930.43,10887.13
950,"2022-03-01","Uttarakhand","05",1306.74,1278.15
951,"2022-03-01","Chhattisgarh","22",3349.35,3348.05
952,"2022-03-01","Gujarat","24",11845.85,11845.04
953,"2022-03-01","Madhya Pradesh","23",8030.23,8030.23
954,"2022-03-01","Manipur","14",83.12,83.12
955,"2022-03-01","Goa","30",417.86,417.83
956,"2022-03-01","Andhra Pradesh","28",6897.79,6827.79
957,"2022-03-01","Maharashtra","27",17459.07,17453.66
958,"2022-03-01","Karnataka","29",8157.81,8151.35
959,"2022-03-01","Arunachal Pradesh","12",75.37,75.37
960,"2022-03-01","Andaman- Nicobar","35",30.82,30.82
961,"2022-03-01","Telangana","36",8077.4,8071.14
962,"2022-03-01","West Bengal","19",4903.18,4898.73
963,"2022-03-01","Odisha","21",3435.58,3433.18
964,"2022-03-01","Jharkhand","20",1044.61,940.39
965,"2022-03-01","Sikkim","11",52.92,52.88
966,"2022-03-01","Bihar","10",3114.07,3060.59
967,"2022-03-01","Lakshadweep","31",5.23,5.23
968,"2022-03-01","Puducherry","34",259.91,259.66
969,"2022-03-01","Tamil Nadu","33",10533.92,10525.29
970,"2022-03-01","Kerala","32",2620.78,2618.56
971,"2022-03-01","DVC","None",2228.67,2227.11
972,"2022-04-01","Dadra & Nagar Haveli and Daman & Diu","38",832.18,832.09
973,"2022-04-01","Meghalaya","17",164.62,164.62
974,"2022-04-01","Tripura","16",144.28,144.28
975,"2022-04-01","Nagaland","13",69.39,61.86
976,"2022-04-01","Mizoram","15",56.87,56.87
977,"2022-04-01","Manipur","14",73.85,73.4
978,"2022-04-01","Karnataka","29",7252.66,7234.35
979,"2022-04-01","Arunachal Pradesh","12",70.84,69.12
980,"2022-04-01","Chandigarh","04",146.63,146.63
981,"2022-04-01","Delhi","07",3201.59,3200.93
982,"2022-04-01","Haryana","06",4919.6,4622.27
983,"2022-04-01","Himachal Pradesh","02",1004.8,991.77
984,"2022-04-01","UTs of J&K and Ladakh","None",1518.7,1369.9
985,"2022-04-01","Punjab","03",4980.86,4838.26
986,"2022-04-01","Rajasthan","08",8221.64,7768.82
987,"2022-04-01","Uttar Pradesh","09",13080.91,12699.91
988,"2022-04-01","Uttarakhand","05",1400.75,1341.36
989,"2022-04-01","Chhattisgarh","22",3519.52,3466.77
990,"2022-04-01","Assam","18",775.43,775.43
991,"2022-04-01","Madhya Pradesh","23",8234.48,8025.84
992,"2022-04-01","Maharashtra","27",17827.41,17717.91
993,"2022-04-01","Goa","30",432.62,432.39
994,"2022-04-01","Gujarat","24",12553.65,12549.55
995,"2022-04-01","Andhra Pradesh","28",6716.85,6335.16
996,"2022-04-01","Andaman- Nicobar","35",31.11,31.11
997,"2022-04-01","Sikkim","11",48.24,48.12
998,"2022-04-01","Odisha","21",3532.93,3495.48
999,"2022-04-01","Jharkhand","20",1171.64,1011.32
1000,"2022-04-01","DVC","None",2285.58,2280.0
1001,"2022-04-01","West Bengal","19",5841.26,5813.93
1002,"2022-04-01","Lakshadweep","31",5.88,5.88
1003,"2022-04-01","Puducherry","34",275.48,274.77
1004,"2022-04-01","Tamil Nadu","33",10493.19,10426.51
1005,"2022-04-01","Kerala","32",2480.49,2468.43
1006,"2022-04-01","Telangana","36",7199.79,7182.04
1007,"2022-04-01","Bihar","10",3620.0,3477.03
1008,"2022-05-01","Dadra & Nagar Haveli and Daman & Diu","38",845.79,845.79
1009,"2022-05-01","Nagaland","13",75.1,71.8
1010,"2022-05-01","Haryana","06",5698.91,5647.44
1011,"2022-05-01","Delhi","07",3775.65,3774.62
1012,"2022-05-01","Chandigarh","04",183.0,183.0
1013,"2022-05-01","Tripura","16",139.67,139.67
1014,"2022-05-01","Mizoram","15",52.96,52.96
1015,"2022-05-01","Punjab","03",6311.88,6292.4
1016,"2022-05-01","Manipur","14",75.25,75.25
1017,"2022-05-01","Andhra Pradesh","28",6053.63,6042.57
1018,"2022-05-01","Telangana","36",5792.68,5791.99
1019,"2022-05-01","Karnataka","29",5706.6,5705.89
1020,"2022-05-01","Kerala","32",2361.11,2360.69
1021,"2022-05-01","Tamil Nadu","33",10287.36,10286.41
1022,"2022-05-01","Goa","30",459.67,459.67
1023,"2022-05-01","Puducherry","34",279.71,279.69
1024,"2022-05-01","Bihar","10",3542.41,3483.24
1025,"2022-05-01","DVC","None",2291.41,2291.41
1026,"2022-05-01","Jharkhand","20",1030.72,955.61
1027,"2022-05-01","Odisha","21",3866.77,3862.22
1028,"2022-05-01","West Bengal","19",5368.6,5355.0
1029,"2022-05-01","Meghalaya","17",166.92,166.92
1030,"2022-05-01","Lakshadweep","31",6.13,6.13
1031,"2022-05-01","Maharashtra","27",17644.02,17644.02
1032,"2022-05-01","Gujarat","24",13526.08,13525.95
1033,"2022-05-01","Madhya Pradesh","23",8212.06,8118.76
1034,"2022-05-01","Assam","18",954.02,954.02
1035,"2022-05-01","Arunachal Pradesh","12",76.21,73.22
1036,"2022-05-01","Sikkim","11",47.6,47.6
1037,"2022-05-01","Delhi","07",183.0,183.0
1038,"2022-05-01","Haryana","06",3775.65,3774.62
1039,"2022-05-01","Andaman- Nicobar","35",28.84,28.84
1040,"2022-05-01","Himachal Pradesh","02",1059.43,1039.23
1041,"2022-05-01","Chhattisgarh","22",3126.31,3125.34
1042,"2022-05-01","Himachal Pradesh","02",5698.91,5647.44
1043,"2022-05-01","Uttarakhand","05",1460.35,1451.43
1044,"2022-05-01","Uttar Pradesh","09",14252.45,14149.85
1045,"2022-05-01","Rajasthan","08",9047.52,8941.21
1046,"2022-05-01","UTs of J&K and Ladakh","None",1577.82,1545.6
1047,"2022-06-01","Andhra Pradesh","28",6137.13,5708.69
1048,"2022-06-01","Telangana","36",5322.6,5381.99
1049,"2022-06-01","Goa","30",387.49,367.77
1050,"2022-06-01","Karnataka","29",5924.35,5328.56
1051,"2022-06-01","Kerala","32",2261.5,2118.91
1052,"2022-06-01","Tamil Nadu","33",10224.01,9985.46
1053,"2022-06-01","Puducherry","34",276.23,275.4
1054,"2022-06-01","Lakshadweep","31",5.26,5.07
1055,"2022-06-01","Bihar","10",3708.91,4017.36
1056,"2022-06-01","DVC","None",2214.07,2301.83
1057,"2022-06-01","Meghalaya","17",155.62,175.88
1058,"2022-06-01","Odisha","21",3887.68,4012.12
1059,"2022-06-01","West Bengal","19",5576.96,5980.08
1060,"2022-06-01","Sikkim","11",46.22,45.46
1061,"2022-06-01","Andaman- Nicobar","35",28.0,27.67
1062,"2022-06-01","Arunachal Pradesh","12",79.63,74.94
1063,"2022-06-01","Assam","18",991.22,1242.85
1064,"2022-06-01","Manipur","14",76.38,83.06
1065,"2022-06-01","Mizoram","15",50.67,55.82
1066,"2022-06-01","Tripura","16",122.03,133.27
1067,"2022-06-01","Maharashtra","27",15516.33,13690.35
1068,"2022-06-01","Jharkhand","20",1039.98,1154.58
1069,"2022-06-01","Madhya Pradesh","23",7107.29,6532.84
1070,"2022-06-01","Nagaland","13",86.25,84.04
1071,"2022-06-01","Chhattisgarh","22",2926.09,2980.39
1072,"2022-06-01","Punjab","03",7481.81,7478.01
1073,"2022-06-01","Uttar Pradesh","09",15234.99,14961.79
1074,"2022-06-01","Uttarakhand","05",1570.4,1537.08
1075,"2022-06-01","Chhattisgarh","22",2926.09,2925.74
1076,"2022-06-01","Gujarat","24",12021.51,12021.51
1077,"2022-06-01","Madhya Pradesh","23",7107.29,7106.85
1078,"2022-06-01","Maharashtra","27",15516.33,15516.33
1079,"2022-06-01","Dadra & Nagar Haveli and Daman & Diu","38",840.34,840.34
1080,"2022-06-01","Goa","30",387.49,387.47
1081,"2022-06-01","Andhra Pradesh","28",6137.13,6127.18
1082,"2022-06-01","Telangana","36",5322.6,5318.87
1083,"2022-06-01","Karnataka","29",5924.35,5920.51
1084,"2022-06-01","Kerala","32",2261.5,2259.24
1085,"2022-06-01","Tamil Nadu","33",10224.01,10218.87
1086,"2022-06-01","Puducherry","34",276.23,276.08
1087,"2022-06-01","Lakshadweep","31",5.26,5.26
1088,"2022-06-01","Bihar","10",3708.91,3640.03
1089,"2022-06-01","DVC","None",2214.07,2212.52
1090,"2022-06-01","Gujarat","24",12021.51,10242.72
1091,"2022-06-01","Jharkhand","20",1039.98,939.22
1092,"2022-06-01","UTs of J&K and Ladakh","None",1568.51,1525.41
1093,"2022-06-01","Himachal Pradesh","02",1093.86,1061.04
1094,"2022-06-01","Rajasthan","08",9138.4,8975.79
1095,"2022-06-01","Haryana","06",3921.53,3920.44
1096,"2022-06-01","Uttarakhand","05",1570.4,1438.32
1097,"2022-06-01","Uttar Pradesh","09",15234.99,14928.23
1098,"2022-06-01","Rajasthan","08",9138.4,7244.16
1099,"2022-06-01","Punjab","03",7481.81,8130.8
1100,"2022-06-01","UTs of J&K and Ladakh","None",1568.51,1533.7
1101,"2022-06-01","Himachal Pradesh","02",1093.86,1070.29
1102,"2022-06-01","Haryana","06",6449.05,6555.49
1103,"2022-06-01","Delhi","07",3921.53,3906.44
1104,"2022-06-01","Chandigarh","04",197.7,203.3
1105,"2022-06-01","Himachal Pradesh","02",6449.05,6428.98
1106,"2022-06-01","Tripura","16",122.03,122.03
1107,"2022-06-01","Nagaland","13",86.25,77.82
1108,"2022-06-01","Meghalaya","17",155.62,155.62
1109,"2022-06-01","Delhi","07",197.7,197.7
1110,"2022-06-01","Mizoram","15",50.67,50.67
1111,"2022-06-01","West Bengal","19",5576.96,5566.94
1112,"2022-06-01","Sikkim","11",46.22,46.19
1113,"2022-06-01","Odisha","21",3887.68,3884.96
1114,"2022-06-01","Arunachal Pradesh","12",79.63,71.67
1115,"2022-06-01","Assam","18",991.22,991.22
1116,"2022-06-01","Manipur","14",76.38,76.38
1117,"2022-06-01","Andaman- Nicobar","35",28.0,28.0
1118,"2022-07-01","Nagaland","13",92.47,84.04
1119,"2022-07-01","Haryana","06",6570.58,6555.49
1120,"2022-07-01","Delhi","07",3906.81,3906.44
1121,"2022-07-01","Chandigarh","04",203.3,203.3
1122,"2022-07-01","Tripura","16",133.27,133.27
1123,"2022-07-01","Mizoram","15",55.82,55.82
1124,"2022-07-01","Jharkhand","20",1220.19,1154.58
1125,"2022-07-01","Manipur","14",83.06,83.06
1126,"2022-07-01","Meghalaya","17",175.93,175.88
1127,"2022-07-01","Maharashtra","27",13690.53,13690.35
1128,"2022-07-01","Madhya Pradesh","23",6532.84,6532.84
1129,"2022-07-01","Gujarat","24",10249.32,10242.72
1130,"2022-07-01","Chhattisgarh","22",2981.14,2980.39
1131,"2022-07-01","Uttarakhand","05",1474.65,1438.32
1132,"2022-07-01","Uttar Pradesh","09",15034.95,14928.23
1133,"2022-07-01","Rajasthan","08",7263.99,7244.16
1134,"2022-07-01","Punjab","03",8130.8,8130.8
1135,"2022-07-01","UTs of J&K and Ladakh","None",1534.9,1533.7
1136,"2022-07-01","Himachal Pradesh","02",1073.09,1070.29
1137,"2022-07-01","Himachal Pradesh","02",6570.58,6555.49
1138,"2022-07-01","Haryana","06",3906.81,3906.44
1139,"2022-07-01","Delhi","07",203.3,203.3
1140,"2022-07-01","Goa","30",367.77,367.77
1141,"2022-07-01","Dadra & Nagar Haveli and Daman & Diu","38",840.34,840.34
1142,"2022-07-01","Telangana","36",5381.99,5381.99
1143,"2022-07-01","Assam","18",1242.85,1242.85
1144,"2022-07-01","Arunachal Pradesh","12",81.92,74.94
1145,"2022-07-01","Andaman- Nicobar","35",27.67,27.67
1146,"2022-07-01","Sikkim","11",45.46,45.46
1147,"2022-07-01","Andhra Pradesh","28",5710.92,5708.69
1148,"2022-07-01","West Bengal","19",5982.42,5980.08
1149,"2022-07-01","Odisha","21",4012.12,4012.12
1150,"2022-07-01","Bihar","10",4175.5,4017.36
1151,"2022-07-01","Lakshadweep","31",5.07,5.07
1152,"2022-07-01","Puducherry","34",275.4,275.4
1153,"2022-07-01","Tamil Nadu","33",9985.46,9985.46
1154,"2022-07-01","Kerala","32",2118.91,2118.91
1155,"2022-07-01","Karnataka","29",5328.56,5328.56
1156,"2022-07-01","DVC","None",2301.83,2301.83
1157,"2022-08-01","Mizoram","15",41.89,41.89
1158,"2022-08-01","Nagaland","13",95.09,86.65
1159,"2022-08-01","Meghalaya","17",185.31,185.31
1160,"2022-08-01","Tripura","16",127.87,127.87
1161,"2022-08-01","Manipur","14",83.47,83.47
1162,"2022-08-01","Andhra Pradesh","28",6084.49,6081.28
1163,"2022-08-01","Arunachal Pradesh","12",74.1,74.1
1164,"2022-08-01","Dadra & Nagar Haveli and Daman & Diu","38",836.24,836.24
1165,"2022-08-01","Goa","30",374.43,374.43
1166,"2022-08-01","Telangana","36",6398.69,6388.92
1167,"2022-08-01","Karnataka","29",5321.25,5320.12
1168,"2022-08-01","Kerala","32",2199.1,2198.71
1169,"2022-08-01","Maharashtra","27",14003.91,14003.89
1170,"2022-08-01","Tamil Nadu","33",9558.57,9557.06
1171,"2022-08-01","Lakshadweep","31",5.09,5.09
1172,"2022-08-01","Bihar","10",4100.12,3932.57
1173,"2022-08-01","DVC","None",2205.83,2205.83
1174,"2022-08-01","Jharkhand","20",1152.41,1092.93
1175,"2022-08-01","Assam","18",1282.51,1282.51
1176,"2022-08-01","Puducherry","34",262.79,262.75
1177,"2022-08-01","Odisha","21",4055.77,4055.77
1178,"2022-08-01","Madhya Pradesh","23",6509.33,6507.94
1179,"2022-08-01","Himachal Pradesh","02",6819.57,6786.23
1180,"2022-08-01","Chhattisgarh","22",3029.09,3026.6
1181,"2022-08-01","Uttarakhand","05",1425.48,1411.11
1182,"2022-08-01","Uttar Pradesh","09",14842.9,14758.8
1183,"2022-08-01","Rajasthan","08",7365.43,7318.67
1184,"2022-08-01","Punjab","03",8906.1,8906.1
1185,"2022-08-01","UTs of J&K and Ladakh","None",1597.16,1587.96
1186,"2022-08-01","Himachal Pradesh","02",1097.58,1081.59
1187,"2022-08-01","Gujarat","24",10627.9,10627.37
1188,"2022-08-01","Haryana","06",3699.65,3699.01
1189,"2022-08-01","Delhi","07",204.3,204.3
1190,"2022-08-01","West Bengal","19",5761.62,5756.74
1191,"2022-08-01","Sikkim","11",45.19,45.19
1192,"2022-08-01","Andaman- Nicobar","35",27.68,27.68
1193,"2022-09-01","Nagaland","13",83.86,83.02
1194,"2022-09-01","Tripura","16",157.14,157.14
1195,"2022-09-01","Mizoram","15",48.03,48.03
1196,"2022-09-01","Maharashtra","27",13427.87,13427.48
1197,"2022-09-01","Manipur","14",80.99,80.99
1198,"2022-09-01","Chandigarh","04",175.61,175.61
1199,"2022-09-01","Delhi","07",3446.6,3446.32
1200,"2022-09-01","Haryana","06",6222.6,6205.19
1201,"2022-09-01","Himachal Pradesh","02",1075.31,1072.21
1202,"2022-09-01","UTs of J&K and Ladakh","None",1502.22,1487.39
1203,"2022-09-01","Punjab","03",7617.43,7617.43
1204,"2022-09-01","Rajasthan","08",8735.37,8701.22
1205,"2022-09-01","Uttar Pradesh","09",13267.99,13137.29
1206,"2022-09-01","Uttarakhand","05",1293.63,1283.02
1207,"2022-09-01","Chhattisgarh","22",3244.3,3243.07
1208,"2022-09-01","Gujarat","24",10876.89,10876.89
1209,"2022-09-01","Madhya Pradesh","23",6786.16,6786.16
1210,"2022-09-01","Dadra & Nagar Haveli and Daman & Diu","38",836.24,836.24
1211,"2022-09-01","Goa","30",355.15,355.15
1212,"2022-09-01","Telangana","36",6295.68,6295.46
1213,"2022-09-01","Andhra Pradesh","28",5983.85,5983.66
1214,"2022-09-01","Andaman- Nicobar","35",28.76,28.76
1215,"2022-09-01","Kerala","32",2206.17,2205.57
1216,"2022-09-01","Tamil Nadu","33",9441.21,9440.91
1217,"2022-09-01","Puducherry","34",253.11,253.1
1218,"2022-09-01","Lakshadweep","31",4.92,4.92
1219,"2022-09-01","Bihar","10",3706.22,3656.24
1220,"2022-09-01","DVC","None",2159.56,2159.56
1221,"2022-09-01","Jharkhand","20",1129.1,1085.42
1222,"2022-09-01","Karnataka","29",5369.09,5368.87
1223,"2022-09-01","Odisha","21",4029.71,4029.71
1224,"2022-09-01","West Bengal","19",5550.72,5547.47
1225,"2022-09-01","Sikkim","11",46.61,46.61
1226,"2022-09-01","Meghalaya","17",179.7,179.7
1227,"2022-09-01","Arunachal Pradesh","12",69.56,69.56
1228,"2022-09-01","Assam","18",1221.26,1221.26
1229,"2022-10-01","Nagaland","13",74.09,74.06
1230,"2022-10-01","Tripura","16",148.14,148.14
1231,"2022-10-01","Mizoram","15",44.44,44.44
1232,"2022-10-01","Meghalaya","17",187.62,187.62
1233,"2022-10-01","Manipur","14",79.8,79.8
1234,"2022-10-01","Chandigarh","04",120.6,120.6
1235,"2022-10-01","Delhi","07",2447.86,2447.77
1236,"2022-10-01","Haryana","06",4412.98,4411.8
1237,"2022-10-01","Himachal Pradesh","02",1034.95,1033.04
1238,"2022-10-01","UTs of J&K and Ladakh","None",1572.67,1556.55
1239,"2022-10-01","Punjab","03",4958.54,4952.04
1240,"2022-10-01","Rajasthan","08",7891.48,7873.97
1241,"2022-10-01","Uttar Pradesh","09",10069.78,10062.38
1242,"2022-10-01","Uttarakhand","05",1099.47,1095.8
1243,"2022-10-01","Chhattisgarh","22",3425.67,3425.67
1244,"2022-10-01","Gujarat","24",10703.8,10703.8
1245,"2022-10-01","Madhya Pradesh","23",6734.56,6734.56
1246,"2022-10-01","Maharashtra","27",13366.16,13366.01
1247,"2022-10-01","Dadra & Nagar Haveli and Daman & Diu","38",836.24,836.24
1248,"2022-10-01","Andhra Pradesh","28",5526.87,5526.87
1249,"2022-10-01","Goa","30",362.35,362.35
1250,"2022-10-01","Jharkhand","20",1117.99,1087.43
1251,"2022-10-01","Karnataka","29",5091.15,5091.15
1252,"2022-10-01","Kerala","32",2322.35,2322.35
1253,"2022-10-01","Tamil Nadu","33",8819.74,8819.74
1254,"2022-10-01","Puducherry","34",243.32,243.32
1255,"2022-10-01","Lakshadweep","31",5.01,5.01
1256,"2022-10-01","Bihar","10",3314.67,3277.17
1257,"2022-10-01","DVC","None",2140.17,2140.17
1258,"2022-10-01","Telangana","36",5615.82,5615.82
1259,"2022-10-01","Odisha","21",3771.32,3771.32
1260,"2022-10-01","West Bengal","19",5043.58,5042.37
1261,"2022-10-01","Sikkim","11",41.68,41.68
1262,"2022-10-01","Andaman- Nicobar","35",29.45,29.45
1263,"2022-10-01","Arunachal Pradesh","12",74.4,74.4
1264,"2022-10-01","Assam","18",1005.8,1005.8
1265,"2022-11-01","Nagaland","13",65.37,65.37
1266,"2022-11-01","Tripura","16",118.44,118.44
1267,"2022-11-01","Mizoram","15",56.41,56.41
1268,"2022-11-01","Goa","30",371.59,371.59
1269,"2022-11-01","Manipur","14",84.41,84.41
1270,"2022-11-01","Haryana","06",3892.93,3889.09
1271,"2022-11-01","Himachal Pradesh","02",1028.67,1028.18
1272,"2022-11-01","UTs of J&K and Ladakh","None",1648.82,1628.05
1273,"2022-11-01","Punjab","03",3738.46,3731.72
1274,"2022-11-01","Rajasthan","08",8776.28,8741.14
1275,"2022-11-01","Uttar Pradesh","09",9207.23,9199.73
1276,"2022-11-01","Uttarakhand","05",1078.88,1068.7
1277,"2022-11-01","Chhattisgarh","22",3345.84,3345.84
1278,"2022-11-01","Gujarat","24",10810.86,10810.86
1279,"2022-11-01","Madhya Pradesh","23",6411.11,6411.11
1280,"2022-11-01","Maharashtra","27",15228.5,15228.49
1281,"2022-11-01","Dadra & Nagar Haveli and Daman & Diu","38",836.24,836.24
1282,"2022-11-01","Meghalaya","17",199.7,199.7
1283,"2022-11-01","Andhra Pradesh","28",5491.77,5491.39
1284,"2022-11-01","Telangana","36",5233.3,5232.85
1285,"2022-11-01","Karnataka","29",5999.01,5998.54
1286,"2022-11-01","Kerala","32",2233.44,2233.28
1287,"2022-11-01","Tamil Nadu","33",8314.49,8313.87
1288,"2022-11-01","Puducherry","34",231.26,231.25
1289,"2022-11-01","Lakshadweep","31",5.02,5.02
1290,"2022-11-01","Bihar","10",2453.68,2440.61
1291,"2022-11-01","DVC","None",2048.91,2048.91
1292,"2022-11-01","Jharkhand","20",1058.73,946.31
1293,"2022-11-01","Odisha","21",3076.6,3076.6
1294,"2022-11-01","West Bengal","19",3924.61,3924.24
1295,"2022-11-01","Sikkim","11",48.66,48.66
1296,"2022-11-01","Andaman- Nicobar","35",28.3,28.3
1297,"2022-11-01","Arunachal Pradesh","12",64.29,64.29
1298,"2022-11-01","Assam","18",772.5,772.5
1299,"2022-11-01","Delhi","07",2043.24,2043.14
1300,"2022-11-01","Chandigarh","04",99.43,99.43
1301,"2022-12-01","Nagaland","13",73.16,72.88
1302,"2022-12-01","Tripura","16",114.26,114.26
1303,"2022-12-01","Mizoram","15",65.43,65.43
1304,"2022-12-01","Goa","30",400.74,400.74
1305,"2022-12-01","Manipur","14",103.86,103.86
1306,"2022-12-01","Andaman- Nicobar","35",30.05,30.05
1307,"2022-12-01","Sikkim","11",56.59,56.59
1308,"2022-12-01","West Bengal","19",3919.77,3918.69
1309,"2022-12-01","Odisha","21",2971.6,2971.6
1310,"2022-12-01","Jharkhand","20",1105.32,992.69
1311,"2022-12-01","DVC","None",2134.78,2134.78
1312,"2022-12-01","Bihar","10",2569.44,2557.89
1313,"2022-12-01","Lakshadweep","31",5.21,5.21
1314,"2022-12-01","Puducherry","34",232.03,232.03
1315,"2022-12-01","Tamil Nadu","33",8701.32,8701.32
1316,"2022-12-01","Kerala","32",2304.56,2304.56
1317,"2022-12-01","Karnataka","29",6323.69,6323.69
1318,"2022-12-01","Telangana","36",6430.91,6430.91
1319,"2022-12-01","Dadra & Nagar Haveli and Daman & Diu","38",836.24,836.24
1320,"2022-12-01","Andhra Pradesh","28",5586.36,5586.36
1321,"2022-12-01","Madhya Pradesh","23",9789.58,9789.58
1322,"2022-12-01","Assam","18",813.88,813.88
1323,"2022-12-01","Arunachal Pradesh","12",77.81,77.81
1324,"2022-12-01","Chandigarh","04",116.38,116.38
1325,"2022-12-01","Delhi","07",2176.91,2175.83
1326,"2022-12-01","Haryana","06",4300.39,4287.39
1327,"2022-12-01","Maharashtra","27",16364.99,16364.55
1328,"2022-12-01","UTs of J&K and Ladakh","None",1798.08,1787.49
1329,"2022-12-01","Himachal Pradesh","02",1109.22,1105.11
1330,"2022-12-01","Rajasthan","08",9633.82,9475.96
1331,"2022-12-01","Uttar Pradesh","09",9898.24,9877.54
1332,"2022-12-01","Uttarakhand","05",1228.55,1212.12
1333,"2022-12-01","Chhattisgarh","22",3348.17,3347.57
1334,"2022-12-01","Gujarat","24",12695.11,12695.11
1335,"2022-12-01","Punjab","03",4301.1,4272.94
1336,"2022-12-01","Meghalaya","17",222.42,222.42
1337,"2023-01-01","Mizoram","15",66.8,66.8
1338,"2023-01-01","Tripura","16",113.96,113.96
1339,"2023-01-01","Nagaland","13",69.73,65.76
1340,"2023-01-01","Meghalaya","17",221.05,221.05
1341,"2023-01-01","Assam","18",817.25,817.25
1342,"2023-01-01","Haryana","06",4366.93,4332.98
1343,"2023-01-01","Himachal Pradesh","02",1108.46,1104.14
1344,"2023-01-01","UTs of J&K and Ladakh","None",1925.87,1917.76
1345,"2023-01-01","Punjab","03",4631.03,4594.82
1346,"2023-01-01","Rajasthan","08",9608.48,9192.99
1347,"2023-01-01","Uttar Pradesh","09",10712.01,10650.69
1348,"2023-01-01","Uttarakhand","05",1339.79,1305.35
1349,"2023-01-01","Chhattisgarh","22",3348.14,3346.92
1350,"2023-01-01","Gujarat","24",11600.83,11568.26
1351,"2023-01-01","Madhya Pradesh","23",9693.97,9693.75
1352,"2023-01-01","Maharashtra","27",16660.73,16660.58
1353,"2023-01-01","Dadra & Nagar Haveli and Daman & Diu","38",836.24,836.24
1354,"2023-01-01","Manipur","14",106.35,106.35
1355,"2023-01-01","Goa","30",379.26,379.25
1356,"2023-01-01","Andhra Pradesh","28",6126.49,6126.1
1357,"2023-01-01","Telangana","36",7444.18,7443.72
1358,"2023-01-01","Karnataka","29",7325.56,7325.09
1359,"2023-01-01","Kerala","32",2307.81,2307.65
1360,"2023-01-01","Tamil Nadu","33",9227.72,9227.09
1361,"2023-01-01","Puducherry","34",235.33,235.31
1362,"2023-01-01","Lakshadweep","31",5.38,5.38
1363,"2023-01-01","Bihar","10",2967.4,2933.84
1364,"2023-01-01","DVC","None",2256.55,2255.76
1365,"2023-01-01","Jharkhand","20",1148.0,1071.17
1366,"2023-01-01","Odisha","21",2998.84,2997.79
1367,"2023-01-01","West Bengal","19",4257.96,4255.14
1368,"2023-01-01","Sikkim","11",59.67,59.65
1369,"2023-01-01","Andaman- Nicobar","35",29.07,29.07
1370,"2023-01-01","Arunachal Pradesh","12",85.22,84.97
1371,"2023-01-01","Delhi","07",2471.43,2468.72
1372,"2023-01-01","Chandigarh","04",142.56,142.56
1373,"2023-02-01","Nagaland","13",66.56,59.24
1374,"2023-02-01","Tripura","16",107.36,107.36
1375,"2023-02-01","Mizoram","15",53.52,53.52
1376,"2023-02-01","Jharkhand","20",997.36,916.51
1377,"2023-02-01","Manipur","14",83.27,83.27
1378,"2023-02-01","Meghalaya","17",187.72,187.72
1379,"2023-02-01","Sikkim","11",50.65,50.63
1380,"2023-02-01","West Bengal","19",4138.54,4136.41
1381,"2023-02-01","Odisha","21",2986.46,2985.41
1382,"2023-02-01","DVC","None",2060.2,2059.48
1383,"2023-02-01","Bihar","10",2504.42,2481.58
1384,"2023-02-01","Lakshadweep","31",5.11,5.11
1385,"2023-02-01","Puducherry","34",222.11,222.09
1386,"2023-02-01","Tamil Nadu","33",8945.49,8944.79
1387,"2023-02-01","Kerala","32",2238.49,2233.55
1388,"2023-02-01","Karnataka","29",7443.94,7443.42
1389,"2023-02-01","Telangana","36",7807.19,7806.68
1390,"2023-02-01","Andhra Pradesh","28",6172.18,6171.74
1391,"2023-02-01","Goa","30",377.62,377.62
1392,"2023-02-01","Maharashtra","27",15832.06,15831.66
1393,"2023-02-01","Dadra & Nagar Haveli and Daman & Diu","38",791.77,791.77
1394,"2023-02-01","UTs of J&K and Ladakh","None",1668.87,1664.51
1395,"2023-02-01","Gujarat","24",10957.58,10957.15
1396,"2023-02-01","Chhattisgarh","22",3233.79,3224.97
1397,"2023-02-01","Uttarakhand","05",1113.48,1092.44
1398,"2023-02-01","Uttar Pradesh","09",9030.02,9009.42
1399,"2023-02-01","Andaman- Nicobar","35",27.7,27.7
1400,"2023-02-01","Rajasthan","08",8577.38,8313.68
1401,"2023-02-01","Punjab","03",4189.02,4146.74
1402,"2023-02-01","Madhya Pradesh","23",8790.09,8764.76
1403,"2023-02-01","Himachal Pradesh","02",937.9,932.52
1404,"2023-02-01","Haryana","06",3885.28,3868.77
1405,"2023-02-01","Delhi","07",1921.62,1919.83
1406,"2023-02-01","Chandigarh","04",97.34,97.34
1407,"2023-02-01","Arunachal Pradesh","12",74.56,74.56
1408,"2023-02-01","Assam","18",744.36,744.36
1409,"2023-03-01","Nagaland","13",75.36,70.36
1410,"2023-03-01","Tripura","16",121.05,121.05
1411,"2023-03-01","Mizoram","15",51.88,51.88
1412,"2023-03-01","Uttar Pradesh","09",9619.29,9613.89
1413,"2023-03-01","Manipur","14",83.43,83.43
1414,"2023-03-01","Meghalaya","17",190.64,190.64
1415,"2023-03-01","Himachal Pradesh","02",1025.63,1023.16
1416,"2023-03-01","UTs of J&K and Ladakh","None",1725.61,1717.93
1417,"2023-03-01","Punjab","03",4275.01,4259.19
1418,"2023-03-01","Rajasthan","08",7541.57,7509.03
1419,"2023-03-01","Uttarakhand","05",1161.76,1149.01
1420,"2023-03-01","Chhattisgarh","22",3522.62,3519.61
1421,"2023-03-01","Gujarat","24",11336.9,11336.9
1422,"2023-03-01","Madhya Pradesh","23",7524.6,7496.42
1423,"2023-03-01","Maharashtra","27",17010.06,17009.97
1424,"2023-03-01","Dadra & Nagar Haveli and Daman & Diu","38",791.77,791.77
1425,"2023-03-01","Goa","30",405.46,405.46
1426,"2023-03-01","Delhi","07",2130.48,2130.28
1427,"2023-03-01","Andhra Pradesh","28",6711.89,6711.89
1428,"2023-03-01","Karnataka","29",8602.62,8602.62
1429,"2023-03-01","Kerala","32",2713.1,2713.1
1430,"2023-03-01","Tamil Nadu","33",10799.84,10799.84
1431,"2023-03-01","Puducherry","34",263.83,263.83
1432,"2023-03-01","Lakshadweep","31",6.02,6.02
1433,"2023-03-01","Bihar","10",2882.11,2863.95
1434,"2023-03-01","DVC","None",2239.64,2239.64
1435,"2023-03-01","Jharkhand","20",1106.48,1034.63
1436,"2023-03-01","Odisha","21",3441.36,3441.36
1437,"2023-03-01","Andaman- Nicobar","35",31.82,31.37
1438,"2023-03-01","West Bengal","19",4982.25,4977.48
1439,"2023-03-01","Sikkim","11",50.49,50.49
1440,"2023-03-01","Telangana","36",8909.4,8909.4
1441,"2023-03-01","Chandigarh","04",101.6,101.6
1442,"2023-03-01","Haryana","06",3911.82,3909.16
1443,"2023-03-01","Assam","18",843.62,843.62
1444,"2023-03-01","Arunachal Pradesh","12",86.9,83.19
1445,"2023-04-01","Sikkim","11",44.19,44.17
1446,"2023-04-01","Dadra & Nagar Haveli and Daman & Diu","38",791.77,791.77
1447,"2023-04-01","Maharashtra","27",17457.65,17455.47
1448,"2023-04-01","Madhya Pradesh","23",7576.66,7576.66
1449,"2023-04-01","Gujarat","24",13593.93,13593.93
1450,"2023-04-01","Chhattisgarh","22",3479.62,3473.04
1451,"2023-04-01","West Bengal","19",5909.71,5901.45
1452,"2023-04-01","Uttar Pradesh","09",11129.64,11113.44
1453,"2023-04-01","Rajasthan","08",7396.32,7353.58
1454,"2023-04-01","Punjab","03",4197.11,4191.79
1455,"2023-04-01","UTs of J&K and Ladakh","None",1694.61,1674.99
1456,"2023-04-01","Himachal Pradesh","02",967.22,962.94
1457,"2023-04-01","Haryana","06",4197.46,4166.04
1458,"2023-04-01","Delhi","07",2568.86,2568.66
1459,"2023-04-01","Chandigarh","04",121.22,121.22
1460,"2023-04-01","Goa","30",424.41,424.41
1461,"2023-04-01","Andhra Pradesh","28",6939.85,6938.28
1462,"2023-04-01","Uttarakhand","05",1208.39,1193.32
1463,"2023-04-01","Karnataka","29",8604.11,8602.22
1464,"2023-04-01","Telangana","36",7330.82,7328.99
1465,"2023-04-01","Arunachal Pradesh","12",72.43,72.43
1466,"2023-04-01","Assam","18",910.64,908.99
1467,"2023-04-01","Manipur","14",78.16,78.0
1468,"2023-04-01","Meghalaya","17",186.98,146.81
1469,"2023-04-01","Mizoram","15",55.6,55.6
1470,"2023-04-01","Nagaland","13",68.03,68.03
1471,"2023-04-01","Tripura","16",143.76,143.76
1472,"2023-04-01","Andaman- Nicobar","35",33.47,33.17
1473,"2023-04-01","Jharkhand","20",1208.05,1139.07
1474,"2023-04-01","DVC","None",2255.42,2254.63
1475,"2023-04-01","Bihar","10",3415.83,3380.17
1476,"2023-04-01","Lakshadweep","31",5.88,5.88
1477,"2023-04-01","Puducherry","34",279.19,279.12
1478,"2023-04-01","Tamil Nadu","33",11228.25,11225.73
1479,"2023-04-01","Kerala","32",2765.27,2763.98
1480,"2023-04-01","Odisha","21",3467.66,3466.45
1481,"2023-05-01","Lakshadweep","31",5.88,5.88
1482,"2023-05-01","Bihar","10",3415.83,3380.17
1483,"2023-05-01","DVC","None",2255.42,2254.63
1484,"2023-05-01","Jharkhand","20",1208.05,1139.07
1485,"2023-05-01","Odisha","21",3467.66,3466.45
1486,"2023-05-01","West Bengal","19",5909.71,5901.45
1487,"2023-05-01","Sikkim","11",44.19,44.17
1488,"2023-05-01","Manipur","14",78.16,78.0
1489,"2023-05-01","Arunachal Pradesh","12",72.43,72.43
1490,"2023-05-01","Assam","18",910.64,908.99
1491,"2023-05-01","Meghalaya","17",186.98,146.81
1492,"2023-05-01","Mizoram","15",55.6,55.6
1493,"2023-05-01","Nagaland","13",68.03,68.03
1494,"2023-05-01","Tripura","16",143.76,143.76
1495,"2023-05-01","Andaman- Nicobar","35",33.47,33.17
1496,"2023-05-01","Puducherry","34",279.19,279.12
1497,"2023-05-01","Karnataka","29",8604.11,8602.22
1498,"2023-05-01","Kerala","32",2765.27,2763.98
1499,"2023-05-01","West Bengal","19",6026.74,6013.79
1500,"2023-05-01","Jharkhand","20",1304.13,1242.15
1501,"2023-05-01","DVC","None",2296.82,2296.82
1502,"2023-05-01","Bihar","10",3784.05,3723.54
1503,"2023-05-01","Lakshadweep","31",6.13,6.13
1504,"2023-05-01","Puducherry","34",315.5,315.27
1505,"2023-05-01","Tamil Nadu","33",10812.47,10810.43
1506,"2023-05-01","Kerala","32",2851.2,2850.69
1507,"2023-05-01","Karnataka","29",7519.09,7517.53
1508,"2023-05-01","Telangana","36",5572.01,5570.44
1509,"2023-05-01","Andhra Pradesh","28",6872.45,6861.01
1510,"2023-05-01","Goa","30",415.17,415.17
1511,"2023-05-01","Chandigarh","04",121.22,121.22
1512,"2023-05-01","Dadra & Nagar Haveli and Daman & Diu","38",791.77,791.77
1513,"2023-05-01","Madhya Pradesh","23",7658.62,7658.62
1514,"2023-05-01","Gujarat","24",13824.3,13823.92
1515,"2023-05-01","Chhattisgarh","22",3636.9,3636.89
1516,"2023-05-01","Uttarakhand","05",1335.26,1331.16
1517,"2023-05-01","Uttar Pradesh","09",13284.05,13246.25
1518,"2023-05-01","Rajasthan","08",8270.62,8208.65
1519,"2023-05-01","Punjab","03",5220.29,5220.29
1520,"2023-05-01","UTs of J&K and Ladakh","None",1725.93,1714.22
1521,"2023-05-01","Himachal Pradesh","02",920.91,917.55
1522,"2023-05-01","Haryana","06",5079.17,5064.18
1523,"2023-05-01","Delhi","07",3119.47,3119.14
1524,"2023-05-01","Chandigarh","04",157.09,157.09
1525,"2023-05-01","Maharashtra","27",17718.81,17705.3
1526,"2023-05-01","Tamil Nadu","33",11228.25,11225.73
1527,"2023-05-01","Odisha","21",3788.36,3788.36
1528,"2023-05-01","UTs of J&K and Ladakh","None",1694.61,1674.99
1529,"2023-05-01","Delhi","07",2568.86,2568.66
1530,"2023-05-01","Haryana","06",4197.46,4166.04
1531,"2023-05-01","Himachal Pradesh","02",967.22,962.94
1532,"2023-05-01","Punjab","03",4197.11,4191.79
1533,"2023-05-01","Rajasthan","08",7396.32,7353.58
1534,"2023-05-01","Uttarakhand","05",1208.39,1193.32
1535,"2023-05-01","Uttar Pradesh","09",11129.64,11113.44
1536,"2023-05-01","Gujarat","24",13593.93,13593.93
1537,"2023-05-01","Madhya Pradesh","23",7576.66,7576.66
1538,"2023-05-01","Maharashtra","27",17457.65,17455.47
1539,"2023-05-01","Goa","30",424.41,424.41
1540,"2023-05-01","Andhra Pradesh","28",6939.85,6938.28
1541,"2023-05-01","Telangana","36",7330.82,7328.99
1542,"2023-05-01","Chhattisgarh","22",3479.62,3473.04
1543,"2023-06-01","UTs of J&K and Ladakh","None",1556.74,1531.09
1544,"2023-06-01","Rajasthan","08",8141.41,8138.19
1545,"2023-06-01","Punjab","03",7018.66,7018.66
1546,"2023-06-01","Himachal Pradesh","02",1027.67,1025.3
1547,"2023-06-01","Goa","30",398.89,398.89
1548,"2023-06-01","Delhi","07",3672.31,3671.8
1549,"2023-06-01","Chandigarh","04",185.52,185.52
1550,"2023-06-01","Uttar Pradesh","09",15146.62,15139.75
1551,"2023-06-01","Haryana","06",6126.14,6104.53
1552,"2023-06-01","Dadra & Nagar Haveli and Daman & Diu","38",791.77,791.77
1553,"2023-06-01","Uttarakhand","05",1483.45,1479.14
1554,"2023-06-01","Gujarat","24",12392.22,12392.22
1555,"2023-06-01","Andhra Pradesh","28",7118.65,7118.65
1556,"2023-06-01","Telangana","36",6001.12,6001.12
1557,"2023-06-01","Karnataka","29",7351.93,7351.93
1558,"2023-06-01","Kerala","32",2443.36,2443.36
1559,"2023-06-01","Tamil Nadu","33",10868.28,10868.28
1560,"2023-06-01","Puducherry","34",310.72,310.72
1561,"2023-06-01","Lakshadweep","31",5.26,5.26
1562,"2023-06-01","Bihar","10",4172.54,4087.44
1563,"2023-06-01","DVC","None",2260.06,2260.06
1564,"2023-06-01","Maharashtra","27",18028.59,18005.06
1565,"2023-06-01","Chhattisgarh","22",3372.05,3370.86
1566,"2023-06-01","Odisha","21",3833.57,3833.57
1567,"2023-06-01","Sikkim","11",40.98,40.98
1568,"2023-06-01","Andaman- Nicobar","35",30.83,29.59
1569,"2023-06-01","Arunachal Pradesh","12",75.82,75.82
1570,"2023-06-01","Assam","18",1141.38,1139.16
1571,"2023-06-01","Manipur","14",70.82,70.82
1572,"2023-06-01","Meghalaya","17",179.96,145.66
1573,"2023-06-01","Mizoram","15",51.22,51.22
1574,"2023-06-01","Nagaland","13",80.92,80.92
1575,"2023-06-01","Tripura","16",134.14,134.14
1576,"2023-06-01","Madhya Pradesh","23",7442.59,7442.59
1577,"2023-06-01","West Bengal","19",6380.89,6366.76
1578,"2023-06-01","Jharkhand","20",1288.49,1269.6
